pick_id,season,week,game,rule,market,side,bet_home,open_num,close_num,edge,away_ab,home_ab,actual_margin,actual_total,win,clv_pts,roi_u
2025-W01-TB@ATL-S,2025,1,TB@ATL,sides_model,spread,TB -2.5,0,2.5,0.0,-0.187,TB,ATL,-3,43,1.0,-2.5,0.9090909090909091
2025-W01-BAL@BUF-S,2025,1,BAL@BUF,sides_model,spread,BAL -0,0,0.0,1.5,-0.187,BAL,BUF,1,81,0.0,1.5,-1.0
2025-W01-MIN@CHI-S,2025,1,MIN@CHI,sides_model,spread,CHI +1.5,1,1.5,0.0,0.054,MIN,CHI,-3,51,0.0,1.5,-1.0
2025-W01-CIN@CLE-S,2025,1,CIN@CLE,sides_model,spread,CIN -5.5,0,5.5,4.5,-0.25,CIN,CLE,-1,33,0.0,-1.0,-1.0
2025-W01-TEN@DEN-S,2025,1,TEN@DEN,sides_model,spread,DEN -8,1,-8.0,-9.0,0.052,TEN,DEN,8,32,,1.0,0.0
2025-W01-TEN@DEN-W1U,2025,1,TEN@DEN,week1_def_under,total,UNDER 41.5,-2,41.5,42.5,-2.0,TEN,DEN,8,32,1.0,-1.0,0.9090909090909091
2025-W01-DET@GB-S,2025,1,DET@GB,sides_model,spread,DET +2.5,0,-2.5,-1.0,-0.259,DET,GB,14,40,0.0,1.5,-1.0
2025-W01-MIA@IND-S,2025,1,MIA@IND,sides_model,spread,MIA +1.5,0,-1.5,-1.0,-0.16,MIA,IND,25,41,0.0,0.5,-1.0
2025-W01-CAR@JAX-S,2025,1,CAR@JAX,sides_model,spread,CAR +3,0,-3.0,-4.5,-0.078,CAR,JAX,16,36,0.0,-1.5,-1.0
2025-W01-CAR@JAX-W1U,2025,1,CAR@JAX,week1_def_under,total,UNDER 47,-2,47.0,45.5,-1.5,CAR,JAX,16,36,1.0,1.5,0.9090909090909091
2025-W01-KC@LAC-S,2025,1,KC@LAC,sides_model,spread,KC -3,0,3.0,3.0,-0.251,KC,LAC,6,48,0.0,0.0,-1.0
2025-W01-HOU@LAR-S,2025,1,HOU@LAR,sides_model,spread,HOU +2.5,0,-2.5,-3.0,-0.125,HOU,LAR,5,23,0.0,-0.5,-1.0
2025-W01-LV@NE-S,2025,1,LV@NE,sides_model,spread,LV +2.5,0,-2.5,-2.5,-0.165,LV,NE,-7,33,1.0,0.0,0.9090909090909091
2025-W01-ARI@NO-S,2025,1,ARI@NO,sides_model,spread,ARI -6.5,0,6.5,6.0,-0.253,ARI,NO,-7,33,1.0,-0.5,0.9090909090909091
2025-W01-PIT@NYJ-S,2025,1,PIT@NYJ,sides_model,spread,PIT -3,0,3.0,3.0,-0.259,PIT,NYJ,-2,66,0.0,0.0,-1.0
2025-W01-PIT@NYJ-W1U,2025,1,PIT@NYJ,week1_def_under,total,UNDER 38.5,-2,38.5,38.0,-7.0,PIT,NYJ,-2,66,0.0,0.5,-1.0
2025-W01-DAL@PHI-S,2025,1,DAL@PHI,sides_model,spread,DAL +7.5,0,-7.5,-8.0,-0.2,DAL,PHI,4,44,1.0,-0.5,0.9090909090909091
2025-W01-SF@SEA-S,2025,1,SF@SEA,sides_model,spread,SF -2.5,0,2.5,-7.0,-0.117,SF,SEA,-4,30,1.0,-9.5,0.9090909090909091
2025-W01-SF@SEA-S,2025,1,SF@SEA,sides_model,spread,SF -2.5,0,2.5,-7.0,-0.117,SF,SEA,35,47,0.0,-9.5,-1.0
2025-W01-NYG@WAS-S,2025,1,NYG@WAS,sides_model,spread,NYG +6,0,-6.0,-6.0,-0.091,NYG,WAS,15,27,0.0,0.0,-1.0
2025-W02-CAR@ARI-S,2025,2,CAR@ARI,sides_model,spread,ARI -4.5,1,-4.5,-7.0,0.081,CAR,ARI,5,49,1.0,2.5,0.9090909090909091
2025-W02-CLE@BAL-S,2025,2,CLE@BAL,sides_model,spread,BAL -12.5,1,-12.5,-12.5,0.077,CLE,BAL,24,58,1.0,0.0,0.9090909090909091
2025-W02-JAX@CIN-S,2025,2,JAX@CIN,sides_model,spread,CIN -5.5,1,-5.5,-3.5,0.037,JAX,CIN,4,58,0.0,-2.0,-1.0
2025-W02-JAX@CIN-LLO,2025,2,JAX@CIN,total_low_line_over,total,OVER 49.5,-1,49.5,49.0,-8.0,JAX,CIN,4,58,1.0,-0.5,0.9090909090909091
2025-W02-JAX@CIN-SDFH,2025,2,JAX@CIN,spread_dog_cover_fade_home,spread,CIN -5.5,1,-5.5,-3.5,17.0,JAX,CIN,4,58,0.0,-2.0,-1.0
2025-W02-NYG@DAL-S,2025,2,NYG@DAL,sides_model,spread,NYG +3,0,-3.0,-5.0,-0.077,NYG,DAL,3,77,,-2.0,0.0
2025-W02-CHI@DET-S,2025,2,CHI@DET,sides_model,spread,CHI +4.5,0,-4.5,-6.5,-0.254,CHI,DET,31,73,0.0,-2.0,-1.0
2025-W02-WAS@GB-S,2025,2,WAS@GB,sides_model,spread,WAS +3,0,-3.0,-3.0,-0.108,WAS,GB,9,45,0.0,0.0,-1.0
2025-W02-TB@HOU-S,2025,2,TB@HOU,sides_model,spread,TB +2,0,-2.0,-2.5,-0.191,TB,HOU,-1,39,1.0,-0.5,0.9090909090909091
2025-W02-DEN@IND-S,2025,2,DEN@IND,sides_model,spread,DEN -3.5,0,3.5,1.5,-0.107,DEN,IND,1,57,0.0,-2.0,-1.0
2025-W02-PHI@KC-S,2025,2,PHI@KC,sides_model,spread,PHI +1.5,0,-1.5,1.0,-0.249,PHI,KC,-3,37,1.0,2.5,0.9090909090909091
2025-W02-LAC@LV-S,2025,2,LAC@LV,sides_model,spread,LAC -3,0,3.0,3.5,-0.152,LAC,LV,-11,29,1.0,0.5,0.9090909090909091
2025-W02-NE@MIA-S,2025,2,NE@MIA,sides_model,spread,NE +2.5,0,-2.5,-2.5,-0.074,NE,MIA,-6,60,1.0,0.0,0.9090909090909091
2025-W02-ATL@MIN-S,2025,2,ATL@MIN,sides_model,spread,ATL +4.5,0,-4.5,-3.0,-0.118,ATL,MIN,-16,28,1.0,1.5,0.9090909090909091
2025-W02-SF@NO-S,2025,2,SF@NO,sides_model,spread,SF -7,0,7.0,3.0,-0.159,SF,NO,-5,47,0.0,-4.0,-1.0
2025-W02-BUF@NYJ-S,2025,2,BUF@NYJ,sides_model,spread,BUF -8.5,0,8.5,5.5,-0.221,BUF,NYJ,-20,40,1.0,-3.0,0.9090909090909091
2025-W02-SEA@PIT-S,2025,2,SEA@PIT,sides_model,spread,SEA +2.5,0,-2.5,-3.5,-0.188,SEA,PIT,-14,48,1.0,-1.0,0.9090909090909091
2025-W02-SEA@PIT-HLU,2025,2,SEA@PIT,total_high_line_under,total,UNDER 41.5,-2,41.5,40.5,5.75,SEA,PIT,-14,48,0.0,1.0,-1.0
2025-W03-DET@BAL-S,2025,3,DET@BAL,sides_model,spread,DET +6,0,-6.0,-4.5,-0.287,DET,BAL,-8,68,1.0,1.5,0.9090909090909091
2025-W03-DET@BAL-LPT,2025,3,DET@BAL,legacy_primetime,spread,DET +6,0,-6.0,-4.5,-0.117,DET,BAL,-8,68,1.0,1.5,0.9090909090909091
2025-W03-MIA@BUF-S,2025,3,MIA@BUF,sides_model,spread,BUF -10,1,-10.0,-11.5,0.086,MIA,BUF,10,52,,1.5,0.0
2025-W03-MIA@BUF-LPT,2025,3,MIA@BUF,legacy_primetime,spread,MIA +10,0,-10.0,-11.5,-0.243,MIA,BUF,10,52,,-1.5,0.0
2025-W03-ATL@CAR-S,2025,3,ATL@CAR,sides_model,spread,ATL -2.5,0,2.5,4.5,-0.17,ATL,CAR,30,30,0.0,2.0,-1.0
2025-W03-DAL@CHI-S,2025,3,DAL@CHI,sides_model,spread,DAL +1.5,0,-1.5,1.5,-0.186,DAL,CHI,17,45,0.0,3.0,-1.0
2025-W03-DAL@CHI-LF,2025,3,DAL@CHI,legacy_fade,spread,CHI -1.5,1,-1.5,1.5,0.31,DAL,CHI,17,45,1.0,-3.0,0.9090909090909091
2025-W03-HOU@JAX-S,2025,3,HOU@JAX,sides_model,spread,HOU +1.5,0,-1.5,-1.5,-0.115,HOU,JAX,7,27,0.0,0.0,-1.0
2025-W03-DEN@LAC-S,2025,3,DEN@LAC,sides_model,spread,DEN +2.5,0,-2.5,-2.5,-0.155,DEN,LAC,3,43,0.0,0.0,-1.0
2025-W03-CIN@MIN-S,2025,3,CIN@MIN,sides_model,spread,CIN +1.5,0,-1.5,-3.0,-0.101,CIN,MIN,38,58,0.0,-1.5,-1.0
2025-W03-PIT@NE-S,2025,3,PIT@NE,sides_model,spread,PIT -1,0,1.0,1.0,-0.076,PIT,NE,-7,35,1.0,0.0,0.9090909090909091
2025-W03-KC@NYG-S,2025,3,KC@NYG,sides_model,spread,KC -6,0,6.0,6.0,-0.167,KC,NYG,-13,31,1.0,0.0,0.9090909090909091
2025-W03-KC@NYG-LPT,2025,3,KC@NYG,legacy_primetime,spread,KC -6,0,6.0,6.0,-0.267,KC,NYG,-13,31,1.0,0.0,0.9090909090909091
2025-W03-LAR@PHI-U,2025,3,LAR@PHI,wind_under,total,UNDER 45.5,-2,45.5,45.5,18.8,LAR,PHI,7,59,0.0,0.0,-1.0
2025-W03-ARI@SF-S,2025,3,ARI@SF,sides_model,spread,ARI +2.5,0,-2.5,-1.5,-0.075,ARI,SF,1,31,1.0,1.0,0.9090909090909091
2025-W03-NYJ@TB-S,2025,3,NYJ@TB,sides_model,spread,TB -5.5,1,-5.5,-6.5,0.125,NYJ,TB,2,56,0.0,1.0,-1.0
2025-W03-IND@TEN-S,2025,3,IND@TEN,sides_model,spread,IND -2.5,0,2.5,6.0,-0.236,IND,TEN,-21,61,1.0,3.5,0.9090909090909091
2025-W03-LV@WAS-S,2025,3,LV@WAS,sides_model,spread,LV +6.5,0,-6.5,-3.0,-0.237,LV,WAS,17,65,0.0,3.5,-1.0
2025-W04-SEA@ARI-S,2025,4,SEA@ARI,sides_model,spread,SEA +2.5,0,-2.5,1.5,-0.119,SEA,ARI,-3,43,1.0,4.0,0.9090909090909091
2025-W04-SEA@ARI-LPT,2025,4,SEA@ARI,legacy_primetime,spread,ARI -2.5,1,-2.5,1.5,0.067,SEA,ARI,-3,43,0.0,-4.0,-1.0
2025-W04-WAS@ATL-S,2025,4,WAS@ATL,sides_model,spread,WAS -2.5,0,2.5,-2.5,-0.123,WAS,ATL,7,61,0.0,-5.0,-1.0
2025-W04-WAS@ATL-SDFH,2025,4,WAS@ATL,spread_dog_cover_fade_home,spread,ATL +2.5,1,2.5,-2.5,11.5,WAS,ATL,7,61,1.0,5.0,0.9090909090909091
2025-W04-NO@BUF-S,2025,4,NO@BUF,sides_model,spread,BUF -15.5,1,-15.5,-14.5,0.06,NO,BUF,12,50,0.0,-1.0,-1.0
2025-W04-GB@DAL-S,2025,4,GB@DAL,sides_model,spread,GB -5,0,5.0,6.5,-0.163,GB,DAL,0,80,0.0,1.5,-1.0
2025-W04-GB@DAL-O,2025,4,GB@DAL,receiver_over_HC,total,OVER 48.5,-1,48.5,46.5,51.5,GB,DAL,0,80,1.0,-2.0,0.9090909090909091
2025-W04-GB@DAL-LPT,2025,4,GB@DAL,legacy_primetime,spread,DAL +5,1,5.0,6.5,0.016,GB,DAL,0,80,1.0,-1.5,0.9090909090909091
2025-W04-TEN@HOU-S,2025,4,TEN@HOU,sides_model,spread,TEN +7,0,-7.0,-7.5,-0.115,TEN,HOU,26,26,0.0,-0.5,-1.0
2025-W04-BAL@KC-S,2025,4,BAL@KC,sides_model,spread,BAL -2.5,0,2.5,2.5,-0.227,BAL,KC,17,57,0.0,0.0,-1.0
2025-W04-CHI@LV-S,2025,4,CHI@LV,sides_model,spread,CHI +2,0,-2.0,-2.0,-0.047,CHI,LV,-1,49,1.0,0.0,0.9090909090909091
2025-W04-NYJ@MIA-S,2025,4,NYJ@MIA,sides_model,spread,NYJ +2.5,0,-2.5,-2.5,-0.189,NYJ,MIA,6,48,0.0,0.0,-1.0
2025-W04-NYJ@MIA-LPT,2025,4,NYJ@MIA,legacy_primetime,spread,MIA -2.5,1,-2.5,-2.5,0.024,NYJ,MIA,6,48,1.0,0.0,0.9090909090909091
2025-W04-CAR@NE-S,2025,4,CAR@NE,sides_model,spread,CAR +5.5,0,-5.5,-5.5,-0.07,CAR,NE,29,55,0.0,0.0,-1.0
2025-W04-LAC@NYG-S,2025,4,LAC@NYG,sides_model,spread,LAC -5.5,0,5.5,6.0,-0.091,LAC,NYG,3,39,0.0,0.5,-1.0
2025-W04-MIN@PIT-S,2025,4,MIN@PIT,sides_model,spread,PIT -1.5,1,-1.5,2.5,0.049,MIN,PIT,3,45,1.0,-4.0,0.9090909090909091
2025-W04-MIN@PIT-HLU,2025,4,MIN@PIT,total_high_line_under,total,UNDER 41.25,-2,41.25,41.0,6.42,MIN,PIT,3,45,0.0,0.25,-1.0
2025-W04-JAX@SF-S,2025,4,JAX@SF,sides_model,spread,JAX +3.5,0,-3.5,-3.0,-0.158,JAX,SF,-5,47,1.0,0.5,0.9090909090909091
2025-W04-PHI@TB-S,2025,4,PHI@TB,sides_model,spread,PHI -2.5,0,2.5,3.5,-0.036,PHI,TB,-6,56,1.0,1.0,0.9090909090909091
2025-W04-PHI@TB-O,2025,4,PHI@TB,receiver_over_HC,total,OVER 45.5,-1,45.5,44.0,44.7,PHI,TB,-6,56,1.0,-1.5,0.9090909090909091
2025-W05-TEN@ARI-S,2025,5,TEN@ARI,sides_model,spread,TEN +8,0,-8.0,-7.5,-0.042,TEN,ARI,-1,43,1.0,0.5,0.9090909090909091
2025-W05-HOU@BAL-S,2025,5,HOU@BAL,sides_model,spread,HOU +9.5,0,-9.5,2.5,-0.24,HOU,BAL,-34,54,1.0,12.0,0.9090909090909091
2025-W05-NE@BUF-S,2025,5,NE@BUF,sides_model,spread,NE +10,0,-10.0,-7.5,-0.216,NE,BUF,-3,43,1.0,2.5,0.9090909090909091
2025-W05-NE@BUF-LPT,2025,5,NE@BUF,legacy_primetime,spread,NE +10,0,-10.0,-7.5,-0.135,NE,BUF,-3,43,1.0,2.5,0.9090909090909091
2025-W05-MIA@CAR-S,2025,5,MIA@CAR,sides_model,spread,MIA -0,0,0.0,1.0,-0.086,MIA,CAR,3,51,0.0,1.0,-1.0
2025-W05-MIN@CLE-S,2025,5,MIN@CLE,sides_model,spread,MIN -4.5,0,4.5,3.5,-0.232,MIN,CLE,-4,38,0.0,-1.0,-1.0
2025-W05-MIN@CLE-U,2025,5,MIN@CLE,wind_under,total,UNDER 38.5,-2,38.5,35.5,20.4,MIN,CLE,-4,38,1.0,3.0,0.9090909090909091
2025-W05-KC@JAX-S,2025,5,KC@JAX,sides_model,spread,KC -3,0,3.0,3.5,-0.031,KC,JAX,3,59,0.0,0.5,-1.0
2025-W05-KC@JAX-LPT,2025,5,KC@JAX,legacy_primetime,spread,KC -3,0,3.0,3.5,-0.186,KC,JAX,3,59,0.0,0.5,-1.0
2025-W05-WAS@LAC-S,2025,5,WAS@LAC,sides_model,spread,WAS +3,0,-3.0,-3.0,-0.071,WAS,LAC,-17,37,1.0,0.0,0.9090909090909091
2025-W05-SF@LAR-S,2025,5,SF@LAR,sides_model,spread,SF +3,0,-3.0,-8.0,-0.187,SF,LAR,-3,49,1.0,-5.0,0.9090909090909091
2025-W05-SF@LAR-O,2025,5,SF@LAR,receiver_over,total,OVER 47,-1,47.0,43.5,49.5,SF,LAR,-3,49,1.0,-3.5,0.9090909090909091
2025-W05-SF@LAR-LPT,2025,5,SF@LAR,legacy_primetime,spread,SF +3,0,-3.0,-8.0,-0.062,SF,LAR,-3,49,1.0,-5.0,0.9090909090909091
2025-W05-NYG@NO-S,2025,5,NYG@NO,sides_model,spread,NO +2,1,2.0,-2.0,0.213,NYG,NO,12,40,1.0,4.0,0.9090909090909091
2025-W05-DAL@NYJ-S,2025,5,DAL@NYJ,sides_model,spread,DAL -1.5,0,1.5,-1.5,-0.065,DAL,NYJ,-15,59,1.0,-3.0,0.9090909090909091
2025-W05-DAL@NYJ-O,2025,5,DAL@NYJ,receiver_over_HC,total,OVER 46.5,-1,46.5,47.5,51.5,DAL,NYJ,-15,59,1.0,1.0,0.9090909090909091
2025-W05-DEN@PHI-S,2025,5,DEN@PHI,sides_model,spread,DEN +5.5,0,-5.5,-4.0,-0.087,DEN,PHI,-4,38,1.0,1.5,0.9090909090909091
2025-W05-TB@SEA-S,2025,5,TB@SEA,sides_model,spread,TB +2,0,-2.0,-3.5,-0.181,TB,SEA,-3,73,1.0,-1.5,0.9090909090909091
2025-W05-TB@SEA-O,2025,5,TB@SEA,receiver_over_HC,total,OVER 44.5,-1,44.5,44.5,44.7,TB,SEA,-3,73,1.0,0.0,0.9090909090909091
2025-W06-BUF@ATL-S,2025,6,BUF@ATL,sides_model,spread,BUF -5.5,0,5.5,3.5,-0.166,BUF,ATL,10,38,0.0,-2.0,-1.0
2025-W06-BUF@ATL-LPT,2025,6,BUF@ATL,legacy_primetime,spread,ATL +5.5,1,5.5,3.5,0.228,BUF,ATL,10,38,1.0,2.0,0.9090909090909091
2025-W06-BUF@ATL-BC,2025,6,BUF@ATL,bye_collision,spread,BUF -5.5,0,5.5,3.5,22.5,BUF,ATL,10,38,0.0,-2.0,-1.0
2025-W06-LAR@BAL-U,2025,6,LAR@BAL,wind_under,total,UNDER 45,-2,45.0,44.0,20.8,LAR,BAL,-14,20,1.0,1.0,0.9090909090909091
2025-W06-DAL@CAR-S,2025,6,DAL@CAR,sides_model,spread,CAR +3.5,1,3.5,3.0,0.135,DAL,CAR,3,57,1.0,0.5,0.9090909090909091
2025-W06-DAL@CAR-O,2025,6,DAL@CAR,receiver_over_HC,total,OVER 47.5,-1,47.5,47.5,51.5,DAL,CAR,3,57,1.0,0.0,0.9090909090909091
2025-W06-DAL@CAR-U,2025,6,DAL@CAR,wind_under,total,UNDER 47.5,-2,47.5,47.5,15.0,DAL,CAR,3,57,0.0,0.0,-1.0
2025-W06-CIN@GB-S,2025,6,CIN@GB,sides_model,spread,CIN +13.5,0,-13.5,-14.0,-0.07,CIN,GB,9,45,1.0,-0.5,0.9090909090909091
2025-W06-ARI@IND-S,2025,6,ARI@IND,sides_model,spread,ARI +3.5,0,-3.5,-9.0,-0.2,ARI,IND,4,58,0.0,-5.5,-1.0
2025-W06-SEA@JAX-S,2025,6,SEA@JAX,sides_model,spread,SEA +1,0,-1.0,1.0,-0.327,SEA,JAX,-8,32,1.0,2.0,0.9090909090909091
2025-W06-DET@KC-S,2025,6,DET@KC,sides_model,spread,DET +1,0,-1.0,-2.5,-0.246,DET,KC,13,47,0.0,-1.5,-1.0
2025-W06-DET@KC-LPT,2025,6,DET@KC,legacy_primetime,spread,DET +1,0,-1.0,-2.5,-0.336,DET,KC,13,47,0.0,-1.5,-1.0
2025-W06-TEN@LV-S,2025,6,TEN@LV,sides_model,spread,TEN +6.5,0,-6.5,-3.5,-0.096,TEN,LV,10,30,0.0,3.0,-1.0
2025-W06-LAC@MIA-S,2025,6,LAC@MIA,sides_model,spread,LAC -5.5,0,5.5,3.5,-0.237,LAC,MIA,-2,56,0.0,-2.0,-1.0
2025-W06-NE@NO-S,2025,6,NE@NO,sides_model,spread,NE -3.5,0,3.5,3.5,-0.065,NE,NO,-6,44,1.0,0.0,0.9090909090909091
2025-W06-PHI@NYG-S,2025,6,PHI@NYG,sides_model,spread,PHI -7.5,0,7.5,7.5,-0.122,PHI,NYG,17,51,0.0,0.0,-1.0
2025-W06-PHI@NYG-LPT,2025,6,PHI@NYG,legacy_primetime,spread,PHI -7.5,0,7.5,7.5,-0.074,PHI,NYG,17,51,0.0,0.0,-1.0
2025-W06-DEN@NYJ-S,2025,6,DEN@NYJ,sides_model,spread,DEN -6.5,0,6.5,7.0,-0.201,DEN,NYJ,-2,24,0.0,0.5,-1.0
2025-W06-CLE@PIT-S,2025,6,CLE@PIT,sides_model,spread,CLE +5.5,0,-5.5,-6.5,-0.035,CLE,PIT,14,32,0.0,-1.0,-1.0
2025-W06-SF@TB-S,2025,6,SF@TB,sides_model,spread,SF +2,0,-2.0,-3.5,-0.037,SF,TB,11,49,0.0,-1.5,-1.0
2025-W06-SF@TB-O,2025,6,SF@TB,receiver_over_HC,total,OVER 47,-1,47.0,46.5,49.5,SF,TB,11,49,1.0,-0.5,0.9090909090909091
2025-W06-CHI@WAS-S,2025,6,CHI@WAS,sides_model,spread,CHI +5,0,-5.0,-5.5,-0.148,CHI,WAS,-1,49,1.0,-0.5,0.9090909090909091
2025-W06-CHI@WAS-LPT,2025,6,CHI@WAS,legacy_primetime,spread,CHI +5,0,-5.0,-5.5,-0.102,CHI,WAS,-1,49,1.0,-0.5,0.9090909090909091
2025-W07-NO@CHI-S,2025,7,NO@CHI,sides_model,spread,NO +6,0,-6.0,-4.0,-0.066,NO,CHI,12,40,0.0,2.0,-1.0
2025-W07-NO@CHI-U,2025,7,NO@CHI,wind_under,total,UNDER 45.5,-2,45.5,43.5,24.2,NO,CHI,12,40,1.0,2.0,0.9090909090909091
2025-W07-PIT@CIN-S,2025,7,PIT@CIN,sides_model,spread,PIT -4.5,0,4.5,5.5,-0.181,PIT,CIN,2,64,0.0,1.0,-1.0
2025-W07-PIT@CIN-O,2025,7,PIT@CIN,receiver_over,total,OVER 43,-1,43.0,45.0,66.5,PIT,CIN,2,64,1.0,2.0,0.9090909090909091
2025-W07-PIT@CIN-LPT,2025,7,PIT@CIN,legacy_primetime,spread,PIT -4.5,0,4.5,5.5,-0.296,PIT,CIN,2,64,0.0,1.0,-1.0
2025-W07-MIA@CLE-U,2025,7,MIA@CLE,wind_under,total,UNDER 41.5,-2,41.5,34.5,25.3,MIA,CLE,25,37,1.0,7.0,0.9090909090909091
2025-W07-MIA@CLE-LF,2025,7,MIA@CLE,legacy_fade,spread,MIA +2.5,0,-2.5,-2.5,0.321,MIA,CLE,25,37,0.0,0.0,-1.0
2025-W07-WAS@DAL-S,2025,7,WAS@DAL,sides_model,spread,WAS -2.5,0,2.5,-1.5,-0.09,WAS,DAL,22,66,0.0,-4.0,-1.0
2025-W07-NYG@DEN-S,2025,7,NYG@DEN,sides_model,spread,DEN -7.5,1,-7.5,-8.0,0.092,NYG,DEN,1,65,0.0,0.5,-1.0
2025-W07-TB@DET-S,2025,7,TB@DET,sides_model,spread,DET -4.5,1,-4.5,-6.0,0.092,TB,DET,15,33,1.0,1.5,0.9090909090909091
2025-W07-TB@DET-LPT,2025,7,TB@DET,legacy_primetime,spread,TB +4.5,0,-4.5,-6.0,-0.002,TB,DET,15,33,0.0,-1.5,-1.0
2025-W07-LAR@JAX-S,2025,7,LAR@JAX,sides_model,spread,JAX +3.5,1,3.5,3.0,0.06,LAR,JAX,-28,42,0.0,0.5,-1.0
2025-W07-LAR@JAX-O,2025,7,LAR@JAX,receiver_over_HC,total,OVER 46.5,-1,46.5,44.5,39.6,LAR,JAX,-28,42,0.0,-2.0,-1.0
2025-W07-LV@KC-S,2025,7,LV@KC,sides_model,spread,KC -10.5,1,-10.5,-13.0,0.054,LV,KC,31,31,1.0,2.5,0.9090909090909091
2025-W07-PHI@MIN-S,2025,7,PHI@MIN,sides_model,spread,PHI -2.5,0,2.5,2.5,-0.24,PHI,MIN,-6,50,1.0,0.0,0.9090909090909091
2025-W07-PHI@MIN-LF,2025,7,PHI@MIN,legacy_fade,spread,MIN +2.5,1,2.5,2.5,0.354,PHI,MIN,-6,50,0.0,0.0,-1.0
2025-W07-CAR@NYJ-S,2025,7,CAR@NYJ,sides_model,spread,NYJ -2.5,1,-2.5,-1.0,0.053,CAR,NYJ,-7,19,0.0,-1.5,-1.0
2025-W07-CAR@NYJ-O,2025,7,CAR@NYJ,receiver_over_HC,total,OVER 44.5,-1,44.5,40.0,47.1,CAR,NYJ,-7,19,0.0,-4.5,-1.0
2025-W07-ATL@SF-S,2025,7,ATL@SF,sides_model,spread,SF -4,1,-4.0,1.0,0.074,ATL,SF,10,30,1.0,-5.0,0.9090909090909091
2025-W07-ATL@SF-O,2025,7,ATL@SF,receiver_over,total,OVER 45.5,-1,45.5,46.5,49.5,ATL,SF,10,30,0.0,1.0,-1.0
2025-W07-ATL@SF-LPT,2025,7,ATL@SF,legacy_primetime,spread,SF -4,1,-4.0,1.0,0.187,ATL,SF,10,30,1.0,-5.0,0.9090909090909091
2025-W07-HOU@SEA-S,2025,7,HOU@SEA,sides_model,spread,HOU +3,0,-3.0,-3.0,-0.058,HOU,SEA,8,46,0.0,0.0,-1.0
2025-W07-HOU@SEA-LPT,2025,7,HOU@SEA,legacy_primetime,spread,HOU +3,0,-3.0,-3.0,-0.166,HOU,SEA,8,46,0.0,0.0,-1.0
2025-W07-HOU@SEA-HLU,2025,7,HOU@SEA,total_high_line_under,total,UNDER 42,-2,42.0,41.0,7.08,HOU,SEA,8,46,0.0,1.0,-1.0
2025-W07-NE@TEN-S,2025,7,NE@TEN,sides_model,spread,NE -6,0,6.0,6.5,-0.084,NE,TEN,-18,44,1.0,0.5,0.9090909090909091
2025-W07-NE@TEN-O,2025,7,NE@TEN,receiver_over_HC,total,OVER 43,-1,43.0,41.0,35.5,NE,TEN,-18,44,1.0,-2.0,0.9090909090909091
2025-W07-NE@TEN-U,2025,7,NE@TEN,wind_under,total,UNDER 43,-2,43.0,41.0,18.3,NE,TEN,-18,44,0.0,2.0,-1.0
2025-W08-CHI@BAL-S,2025,8,CHI@BAL,sides_model,spread,CHI +6.5,0,-6.5,-2.5,-0.159,CHI,BAL,14,46,0.0,4.0,-1.0
2025-W08-BUF@CAR-S,2025,8,BUF@CAR,sides_model,spread,BUF -7.5,0,7.5,7.0,-0.085,BUF,CAR,-31,49,1.0,-0.5,0.9090909090909091
2025-W08-NYJ@CIN-O,2025,8,NYJ@CIN,receiver_over_HC,total,OVER 42.5,-1,42.5,44.0,47.1,NYJ,CIN,-1,77,1.0,1.5,0.9090909090909091
2025-W08-DAL@DEN-S,2025,8,DAL@DEN,sides_model,spread,DAL +4.5,0,-4.5,-3.5,-0.089,DAL,DEN,20,68,0.0,1.0,-1.0
2025-W08-SF@HOU-S,2025,8,SF@HOU,sides_model,spread,HOU -2,1,-2.0,-2.5,0.182,SF,HOU,11,41,1.0,0.5,0.9090909090909091
2025-W08-SF@HOU-O,2025,8,SF@HOU,receiver_over_HC,total,OVER 43.5,-1,43.5,41.0,49.5,SF,HOU,11,41,0.0,-2.5,-1.0
2025-W08-SF@HOU-HLU,2025,8,SF@HOU,total_high_line_under,total,UNDER 43.5,-2,43.5,41.0,9.0,SF,HOU,11,41,1.0,2.5,0.9090909090909091
2025-W08-TEN@IND-S,2025,8,TEN@IND,sides_model,spread,TEN +12,0,-12.0,-15.0,-0.212,TEN,IND,24,52,0.0,-3.0,-1.0
2025-W08-TEN@IND-O,2025,8,TEN@IND,receiver_over_HC,total,OVER 45,-1,45.0,47.5,35.5,TEN,IND,24,52,1.0,2.5,0.9090909090909091
2025-W08-TEN@IND-LF,2025,8,TEN@IND,legacy_fade,spread,IND -12,1,-12.0,-15.0,0.355,TEN,IND,24,52,1.0,3.0,0.9090909090909091
2025-W08-WAS@KC-LPT,2025,8,WAS@KC,legacy_primetime,spread,KC -5.5,1,-5.5,-10.5,0.117,WAS,KC,21,35,1.0,5.0,0.9090909090909091
2025-W08-MIN@LAC-S,2025,8,MIN@LAC,sides_model,spread,MIN +3,0,-3.0,-3.0,-0.092,MIN,LAC,27,47,0.0,0.0,-1.0
2025-W08-MIN@LAC-LPT,2025,8,MIN@LAC,legacy_primetime,spread,MIN +3,0,-3.0,-3.0,-0.151,MIN,LAC,27,47,0.0,0.0,-1.0
2025-W08-CLE@NE-S,2025,8,CLE@NE,sides_model,spread,NE -7,1,-7.0,-7.0,0.062,CLE,NE,19,45,1.0,0.0,0.9090909090909091
2025-W08-CLE@NE-HLU,2025,8,CLE@NE,total_high_line_under,total,UNDER 40.5,-2,40.5,40.5,5.42,CLE,NE,19,45,0.0,0.0,-1.0
2025-W08-NYG@PHI-S,2025,8,NYG@PHI,sides_model,spread,PHI -7.5,1,-7.5,-7.0,0.09,NYG,PHI,18,58,1.0,-0.5,0.9090909090909091
2025-W08-NYG@PHI-O,2025,8,NYG@PHI,receiver_over_HC,total,OVER 42.5,-1,42.5,43.5,43.7,NYG,PHI,18,58,1.0,1.0,0.9090909090909091
2025-W08-GB@PIT-S,2025,8,GB@PIT,sides_model,spread,GB -3,0,3.0,2.5,-0.234,GB,PIT,-10,60,1.0,-0.5,0.9090909090909091
2025-W08-GB@PIT-LPT,2025,8,GB@PIT,legacy_primetime,spread,GB -3,0,3.0,2.5,-0.331,GB,PIT,-10,60,1.0,-0.5,0.9090909090909091
2025-W09-KC@BUF-S,2025,9,KC@BUF,sides_model,spread,BUF +1.5,1,1.5,2.0,0.042,KC,BUF,7,49,1.0,-0.5,0.9090909090909091
2025-W09-ARI@DAL-S,2025,9,ARI@DAL,sides_model,spread,DAL -3,1,-3.0,-3.5,0.046,ARI,DAL,-10,44,0.0,0.5,-1.0
2025-W09-ARI@DAL-LPT,2025,9,ARI@DAL,legacy_primetime,spread,ARI +3,0,-3.0,-3.5,-0.199,ARI,DAL,-10,44,1.0,-0.5,0.9090909090909091
2025-W09-MIN@DET-S,2025,9,MIN@DET,sides_model,spread,MIN +7.5,0,-7.5,-9.5,-0.069,MIN,DET,-3,51,1.0,-2.0,0.9090909090909091
2025-W09-CAR@GB-S,2025,9,CAR@GB,sides_model,spread,GB -10.5,1,-10.5,-13.0,0.158,CAR,GB,-3,29,0.0,2.5,-1.0
2025-W09-DEN@HOU-S,2025,9,DEN@HOU,sides_model,spread,DEN -1.5,0,1.5,-2.0,-0.047,DEN,HOU,-3,33,1.0,-3.5,0.9090909090909091
2025-W09-DEN@HOU-LF,2025,9,DEN@HOU,legacy_fade,spread,HOU +1.5,1,1.5,-2.0,0.317,DEN,HOU,-3,33,0.0,3.5,-1.0
2025-W09-DEN@HOU-HLU,2025,9,DEN@HOU,total_high_line_under,total,UNDER 39,-2,39.0,41.0,13.25,DEN,HOU,-3,33,1.0,-2.0,0.9090909090909091
2025-W09-NO@LAR-S,2025,9,NO@LAR,sides_model,spread,NO +12.5,0,-12.5,-14.5,-0.082,NO,LAR,24,44,0.0,-2.0,-1.0
2025-W09-BAL@MIA-LPT,2025,9,BAL@MIA,legacy_primetime,spread,BAL -7.5,0,7.5,7.5,-0.024,BAL,MIA,-22,34,1.0,0.0,0.9090909090909091
2025-W09-SF@NYG-S,2025,9,SF@NYG,sides_model,spread,NYG +3,1,3.0,2.5,0.103,SF,NYG,-10,58,0.0,0.5,-1.0
2025-W09-SF@NYG-O,2025,9,SF@NYG,receiver_over,total,OVER 45.5,-1,45.5,47.5,49.5,SF,NYG,-10,58,1.0,2.0,0.9090909090909091
2025-W09-IND@PIT-S,2025,9,IND@PIT,sides_model,spread,IND -2.5,0,2.5,3.0,-0.051,IND,PIT,7,47,0.0,0.5,-1.0
2025-W09-IND@PIT-LF,2025,9,IND@PIT,legacy_fade,spread,PIT +2.5,1,2.5,3.0,0.392,IND,PIT,7,47,1.0,-0.5,0.9090909090909091
2025-W09-LAC@TEN-S,2025,9,LAC@TEN,sides_model,spread,TEN +8,1,8.0,10.0,0.203,LAC,TEN,-7,47,1.0,-2.0,0.9090909090909091
2025-W09-LAC@TEN-O,2025,9,LAC@TEN,receiver_over_HC,total,OVER 43.5,-1,43.5,44.0,35.5,LAC,TEN,-7,47,1.0,0.5,0.9090909090909091
2025-W09-SEA@WAS-S,2025,9,SEA@WAS,sides_model,spread,SEA -3,0,3.0,2.5,-0.174,SEA,WAS,-24,52,1.0,-0.5,0.9090909090909091
2025-W09-SEA@WAS-LPT,2025,9,SEA@WAS,legacy_primetime,spread,SEA -3,0,3.0,2.5,-0.062,SEA,WAS,-24,52,1.0,-0.5,0.9090909090909091
2025-W10-NO@CAR-S,2025,10,NO@CAR,sides_model,spread,NO +3.5,0,-3.5,-5.5,-0.17,NO,CAR,-10,24,1.0,-2.0,0.9090909090909091
2025-W10-NYG@CHI-S,2025,10,NYG@CHI,sides_model,spread,CHI -3.5,1,-3.5,-4.5,0.068,NYG,CHI,4,44,1.0,1.0,0.9090909090909091
2025-W10-NYG@CHI-U,2025,10,NYG@CHI,wind_under,total,UNDER 47,-2,47.0,45.0,20.6,NYG,CHI,4,44,1.0,2.0,0.9090909090909091
2025-W10-LV@DEN-S,2025,10,LV@DEN,sides_model,spread,LV +9.5,0,-9.5,-9.0,-0.154,LV,DEN,3,17,1.0,0.5,0.9090909090909091
2025-W10-LV@DEN-LPT,2025,10,LV@DEN,legacy_primetime,spread,DEN -9.5,1,-9.5,-9.0,0.285,LV,DEN,3,17,0.0,-0.5,-1.0
2025-W10-LV@DEN-HLU,2025,10,LV@DEN,total_high_line_under,total,UNDER 42.5,-2,42.5,42.5,4.75,LV,DEN,3,17,1.0,0.0,0.9090909090909091
2025-W10-PHI@GB-S,2025,10,PHI@GB,sides_model,spread,PHI +3,0,-3.0,0.0,-0.128,PHI,GB,-3,17,1.0,3.0,0.9090909090909091
2025-W10-PHI@GB-LPT,2025,10,PHI@GB,legacy_primetime,spread,GB -3,1,-3.0,0.0,0.046,PHI,GB,-3,17,0.0,-3.0,-1.0
2025-W10-JAX@HOU-S,2025,10,JAX@HOU,sides_model,spread,HOU -3,1,-3.0,-0.5,0.042,JAX,HOU,7,65,1.0,-2.5,0.9090909090909091
2025-W10-ATL@IND-S,2025,10,ATL@IND,sides_model,spread,IND -7,1,-7.0,-6.5,0.157,ATL,IND,6,56,0.0,-0.5,-1.0
2025-W10-PIT@LAC-LPT,2025,10,PIT@LAC,legacy_primetime,spread,LAC -4,1,-4.0,-3.5,0.182,PIT,LAC,15,35,1.0,-0.5,0.9090909090909091
2025-W10-BUF@MIA-S,2025,10,BUF@MIA,sides_model,spread,BUF -9,0,9.0,8.0,-0.257,BUF,MIA,17,43,0.0,-1.0,-1.0
2025-W10-BAL@MIN-S,2025,10,BAL@MIN,sides_model,spread,BAL -3.5,0,3.5,4.5,-0.172,BAL,MIN,-8,46,1.0,1.0,0.9090909090909091
2025-W10-CLE@NYJ-O,2025,10,CLE@NYJ,receiver_over,total,OVER 38,-1,38.0,37.5,35.7,CLE,NYJ,7,47,1.0,-0.5,0.9090909090909091
2025-W10-LAR@SF-S,2025,10,LAR@SF,sides_model,spread,LAR -3,0,3.0,6.0,-0.18,LAR,SF,-16,68,1.0,3.0,0.9090909090909091
2025-W10-LAR@SF-O,2025,10,LAR@SF,receiver_over,total,OVER 48.5,-1,48.5,49.5,49.5,LAR,SF,-16,68,1.0,1.0,0.9090909090909091
2025-W10-ARI@SEA-S,2025,10,ARI@SEA,sides_model,spread,SEA -6,1,-6.0,-7.0,0.126,ARI,SEA,22,66,1.0,1.0,0.9090909090909091
2025-W10-NE@TB-S,2025,10,NE@TB,sides_model,spread,NE +2.5,0,-2.5,-2.5,-0.066,NE,TB,-5,51,1.0,0.0,0.9090909090909091
2025-W10-DET@WAS-S,2025,10,DET@WAS,sides_model,spread,DET -3.5,0,3.5,8.0,-0.101,DET,WAS,-22,66,1.0,4.5,0.9090909090909091
2025-W10-DET@WAS-LLO,2025,10,DET@WAS,total_low_line_over,total,OVER 51.5,-1,51.5,49.0,-14.33,DET,WAS,-22,66,1.0,-2.5,0.9090909090909091
2025-W11-SF@ARI-S,2025,11,SF@ARI,sides_model,spread,SF -1.5,0,1.5,3.5,-0.043,SF,ARI,-19,63,1.0,2.0,0.9090909090909091
2025-W11-SF@ARI-O,2025,11,SF@ARI,receiver_over,total,OVER 47.5,-1,47.5,48.5,40.7,SF,ARI,-19,63,1.0,1.0,0.9090909090909091
2025-W11-CAR@ATL-S,2025,11,CAR@ATL,sides_model,spread,CAR +3.5,0,-3.5,-4.0,-0.059,CAR,ATL,-3,57,1.0,-0.5,0.9090909090909091
2025-W11-TB@BUF-U,2025,11,TB@BUF,wind_under,total,UNDER 50.5,-2,50.5,45.5,18.3,TB,BUF,12,76,0.0,5.0,-1.0
2025-W11-BAL@CLE-S,2025,11,BAL@CLE,sides_model,spread,BAL -8,0,8.0,7.5,-0.301,BAL,CLE,-7,39,0.0,-0.5,-1.0
2025-W11-BAL@CLE-U,2025,11,BAL@CLE,wind_under,total,UNDER 41.5,-2,41.5,38.0,20.8,BAL,CLE,-7,39,1.0,3.5,0.9090909090909091
2025-W11-BAL@CLE-HLU,2025,11,BAL@CLE,total_high_line_under,total,UNDER 41.5,-2,41.5,38.0,4.92,BAL,CLE,-7,39,1.0,3.5,0.9090909090909091
2025-W11-KC@DEN-S,2025,11,KC@DEN,sides_model,spread,DEN +3,1,3.0,4.0,0.039,KC,DEN,3,41,1.0,-1.0,0.9090909090909091
2025-W11-KC@DEN-LF,2025,11,KC@DEN,legacy_fade,spread,KC -3,0,3.0,4.0,0.32,KC,DEN,3,41,0.0,1.0,-1.0
2025-W11-LAC@JAX-U,2025,11,LAC@JAX,wind_under,total,UNDER 44.5,-2,44.5,43.5,15.0,LAC,JAX,29,41,1.0,1.0,0.9090909090909091
2025-W11-SEA@LAR-S,2025,11,SEA@LAR,sides_model,spread,LAR -2.5,1,-2.5,-3.5,0.056,SEA,LAR,2,40,0.0,1.0,-1.0
2025-W11-DAL@LV-S,2025,11,DAL@LV,sides_model,spread,DAL -3.5,0,3.5,3.5,-0.144,DAL,LV,-17,49,1.0,0.0,0.9090909090909091
2025-W11-DAL@LV-LPT,2025,11,DAL@LV,legacy_primetime,spread,DAL -3.5,0,3.5,3.5,-0.235,DAL,LV,-17,49,1.0,0.0,0.9090909090909091
2025-W11-WAS@MIA-S,2025,11,WAS@MIA,sides_model,spread,WAS -1.5,0,1.5,-2.5,-0.051,WAS,MIA,3,29,0.0,-4.0,-1.0
2025-W11-CHI@MIN-S,2025,11,CHI@MIN,sides_model,spread,CHI +3,0,-3.0,-3.0,-0.093,CHI,MIN,-2,36,1.0,0.0,0.9090909090909091
2025-W11-NYJ@NE-S,2025,11,NYJ@NE,sides_model,spread,NE -10.5,1,-10.5,-12.5,0.275,NYJ,NE,13,41,1.0,2.0,0.9090909090909091
2025-W11-NYJ@NE-O,2025,11,NYJ@NE,receiver_over_HC,total,OVER 45.5,-1,45.5,43.0,47.1,NYJ,NE,13,41,0.0,-2.5,-1.0
2025-W11-NYJ@NE-LPT,2025,11,NYJ@NE,legacy_primetime,spread,NE -10.5,1,-10.5,-12.5,0.22,NYJ,NE,13,41,1.0,2.0,0.9090909090909091
2025-W11-GB@NYG-S,2025,11,GB@NYG,sides_model,spread,GB -7,0,7.0,7.5,-0.157,GB,NYG,-7,47,,0.5,0.0
2025-W11-GB@NYG-U,2025,11,GB@NYG,wind_under,total,UNDER 45.5,-2,45.5,41.5,19.5,GB,NYG,-7,47,0.0,4.0,-1.0
2025-W11-DET@PHI-S,2025,11,DET@PHI,sides_model,spread,DET +1.5,0,-1.5,-2.5,-0.054,DET,PHI,7,25,0.0,-1.0,-1.0
2025-W11-DET@PHI-U,2025,11,DET@PHI,wind_under,total,UNDER 48.5,-2,48.5,46.5,29.5,DET,PHI,7,25,1.0,2.0,0.9090909090909091
2025-W11-DET@PHI-LPT,2025,11,DET@PHI,legacy_primetime,spread,DET +1.5,0,-1.5,-2.5,-0.114,DET,PHI,7,25,0.0,-1.0,-1.0
2025-W11-CIN@PIT-S,2025,11,CIN@PIT,sides_model,spread,CIN +6,0,-6.0,-5.5,-0.06,CIN,PIT,22,46,0.0,0.5,-1.0
2025-W11-CIN@PIT-U,2025,11,CIN@PIT,wind_under,total,UNDER 50,-2,50.0,48.0,20.8,CIN,PIT,22,46,1.0,2.0,0.9090909090909091
2025-W11-HOU@TEN-S,2025,11,HOU@TEN,sides_model,spread,HOU -7.5,0,7.5,5.5,-0.078,HOU,TEN,-3,29,0.0,-2.0,-1.0
2025-W11-HOU@TEN-HLU,2025,11,HOU@TEN,total_high_line_under,total,UNDER 38.5,-2,38.5,37.0,4.08,HOU,TEN,-3,29,1.0,1.5,0.9090909090909091
2025-W12-JAX@ARI-O,2025,12,JAX@ARI,receiver_over,total,OVER 46.5,-1,46.5,47.0,40.7,JAX,ARI,-3,51,1.0,0.5,0.9090909090909091
2025-W12-NYJ@BAL-S,2025,12,NYJ@BAL,sides_model,spread,BAL -14.5,1,-14.5,-14.0,0.069,NYJ,BAL,13,33,0.0,-0.5,-1.0
2025-W12-NYJ@BAL-LF,2025,12,NYJ@BAL,legacy_fade,spread,NYJ +14.5,0,-14.5,-14.0,0.33,NYJ,BAL,13,33,1.0,0.5,0.9090909090909091
2025-W12-NE@CIN-S,2025,12,NE@CIN,sides_model,spread,NE -5.5,0,5.5,7.5,-0.193,NE,CIN,-6,46,1.0,2.0,0.9090909090909091
2025-W12-PHI@DAL-S,2025,12,PHI@DAL,sides_model,spread,PHI -4,0,4.0,3.0,-0.212,PHI,DAL,3,45,0.0,-1.0,-1.0
2025-W12-NYG@DET-LF,2025,12,NYG@DET,legacy_fade,spread,NYG +11.5,0,-11.5,-14.0,0.373,NYG,DET,7,61,1.0,-2.5,0.9090909090909091
2025-W12-MIN@GB-S,2025,12,MIN@GB,sides_model,spread,MIN +6,0,-6.0,-6.5,-0.129,MIN,GB,17,29,0.0,-0.5,-1.0
2025-W12-MIN@GB-LF,2025,12,MIN@GB,legacy_fade,spread,GB -6,1,-6.0,-6.5,0.303,MIN,GB,17,29,1.0,0.5,0.9090909090909091
2025-W12-BUF@HOU-S,2025,12,BUF@HOU,sides_model,spread,HOU +2.5,1,2.5,5.0,0.03,BUF,HOU,4,42,1.0,-2.5,0.9090909090909091
2025-W12-BUF@HOU-LPT,2025,12,BUF@HOU,legacy_primetime,spread,BUF -2.5,0,2.5,5.0,-0.184,BUF,HOU,4,42,0.0,2.5,-1.0
2025-W12-IND@KC-S,2025,12,IND@KC,sides_model,spread,IND +4,0,-4.0,-4.0,-0.177,IND,KC,3,43,1.0,0.0,0.9090909090909091
2025-W12-TB@LAR-S,2025,12,TB@LAR,sides_model,spread,TB +6,0,-6.0,-7.0,-0.09,TB,LAR,27,41,0.0,-1.0,-1.0
2025-W12-TB@LAR-LPT,2025,12,TB@LAR,legacy_primetime,spread,LAR -6,1,-6.0,-7.0,0.2,TB,LAR,27,41,1.0,1.0,0.9090909090909091
2025-W12-CLE@LV-S,2025,12,CLE@LV,sides_model,spread,CLE +2,0,-2.0,-3.0,-0.039,CLE,LV,-14,34,1.0,-1.0,0.9090909090909091
2025-W12-ATL@NO-S,2025,12,ATL@NO,sides_model,spread,NO +3.5,1,3.5,-1.5,0.051,ATL,NO,-14,34,0.0,5.0,-1.0
2025-W12-ATL@NO-O,2025,12,ATL@NO,receiver_over_HC,total,OVER 40.5,-1,40.5,41.0,42.0,ATL,NO,-14,34,0.0,0.5,-1.0
2025-W12-CAR@SF-S,2025,12,CAR@SF,sides_model,spread,SF -6.5,1,-6.5,-7.5,0.039,CAR,SF,11,29,1.0,1.0,0.9090909090909091
2025-W12-CAR@SF-LPT,2025,12,CAR@SF,legacy_primetime,spread,SF -6.5,1,-6.5,-7.5,0.017,CAR,SF,11,29,1.0,1.0,0.9090909090909091
2025-W12-SEA@TEN-S,2025,12,SEA@TEN,sides_model,spread,TEN +12.5,1,12.5,12.5,0.164,SEA,TEN,-6,54,1.0,0.0,0.9090909090909091
2025-W12-SEA@TEN-HLU,2025,12,SEA@TEN,total_high_line_under,total,UNDER 42.5,-2,42.5,41.5,7.92,SEA,TEN,-6,54,0.0,1.0,-1.0
2025-W13-CIN@BAL-S,2025,13,CIN@BAL,sides_model,spread,BAL -10,1,-10.0,-7.5,0.073,CIN,BAL,-18,46,0.0,-2.5,-1.0
2025-W13-CIN@BAL-O,2025,13,CIN@BAL,receiver_over_HC,total,OVER 50.5,-1,50.5,52.5,36.6,CIN,BAL,-18,46,0.0,2.0,-1.0
2025-W13-CIN@BAL-LPT,2025,13,CIN@BAL,legacy_primetime,spread,BAL -10,1,-10.0,-7.5,0.277,CIN,BAL,-18,46,0.0,-2.5,-1.0
2025-W13-LAR@CAR-S,2025,13,LAR@CAR,sides_model,spread,CAR +9.5,1,9.5,10.0,0.117,LAR,CAR,3,59,1.0,-0.5,0.9090909090909091
2025-W13-LAR@CAR-S,2025,13,LAR@CAR,sides_model,spread,CAR +9.5,1,9.5,10.0,0.117,LAR,CAR,-3,65,1.0,-0.5,0.9090909090909091
2025-W13-LAR@CAR-LF,2025,13,LAR@CAR,legacy_fade,spread,LAR -9.5,0,9.5,10.0,0.339,LAR,CAR,3,59,0.0,0.5,-1.0
2025-W13-LAR@CAR-LF,2025,13,LAR@CAR,legacy_fade,spread,LAR -9.5,0,9.5,10.0,0.339,LAR,CAR,-3,65,0.0,0.5,-1.0
2025-W13-SF@CLE-S,2025,13,SF@CLE,sides_model,spread,SF -6.5,0,6.5,5.0,-0.137,SF,CLE,-18,34,1.0,-1.5,0.9090909090909091
2025-W13-SF@CLE-U,2025,13,SF@CLE,wind_under,total,UNDER 41.5,-2,41.5,35.0,24.2,SF,CLE,-18,34,1.0,6.5,0.9090909090909091
2025-W13-SF@CLE-HLU,2025,13,SF@CLE,total_high_line_under,total,UNDER 41.5,-2,41.5,35.0,6.75,SF,CLE,-18,34,1.0,6.5,0.9090909090909091
2025-W13-GB@DET-S,2025,13,GB@DET,sides_model,spread,GB +3,0,-3.0,-3.0,-0.21,GB,DET,-7,55,1.0,0.0,0.9090909090909091
2025-W13-HOU@IND-S,2025,13,HOU@IND,sides_model,spread,HOU +4,0,-4.0,-3.0,-0.239,HOU,IND,-4,36,1.0,1.0,0.9090909090909091
2025-W13-LV@LAC-S,2025,13,LV@LAC,sides_model,spread,LAC -8.5,1,-8.5,-9.5,0.071,LV,LAC,17,45,1.0,1.0,0.9090909090909091
2025-W13-NO@MIA-S,2025,13,NO@MIA,sides_model,spread,MIA -4.5,1,-4.5,-5.5,0.225,NO,MIA,4,38,0.0,1.0,-1.0
2025-W13-NYG@NE-S,2025,13,NYG@NE,sides_model,spread,NE -7.5,1,-7.5,-7.0,0.139,NYG,NE,18,48,1.0,-0.5,0.9090909090909091
2025-W13-NYG@NE-LPT,2025,13,NYG@NE,legacy_primetime,spread,NE -7.5,1,-7.5,-7.0,0.162,NYG,NE,18,48,1.0,-0.5,0.9090909090909091
2025-W13-ATL@NYJ-S,2025,13,ATL@NYJ,sides_model,spread,ATL -1.5,0,1.5,3.0,-0.045,ATL,NYJ,3,51,0.0,1.5,-1.0
2025-W13-ATL@NYJ-O,2025,13,ATL@NYJ,receiver_over_HC,total,OVER 39.5,-1,39.5,38.5,42.0,ATL,NYJ,3,51,1.0,-1.0,0.9090909090909091
2025-W13-ATL@NYJ-HLU,2025,13,ATL@NYJ,total_high_line_under,total,UNDER 39.5,-2,39.5,38.5,4.67,ATL,NYJ,3,51,0.0,1.0,-1.0
2025-W13-CHI@PHI-S,2025,13,CHI@PHI,sides_model,spread,CHI +7,0,-7.0,-7.0,-0.11,CHI,PHI,-9,39,1.0,0.0,0.9090909090909091
2025-W13-CHI@PHI-U,2025,13,CHI@PHI,wind_under,total,UNDER 45,-2,45.0,44.0,24.2,CHI,PHI,-9,39,1.0,1.0,0.9090909090909091
2025-W13-BUF@PIT-S,2025,13,BUF@PIT,sides_model,spread,BUF -4.25,0,4.25,3.0,-0.111,BUF,PIT,-19,33,1.0,-1.25,0.9090909090909091
2025-W13-BUF@PIT-U,2025,13,BUF@PIT,wind_under,total,UNDER 47,-2,47.0,44.5,17.2,BUF,PIT,-19,33,1.0,2.5,0.9090909090909091
2025-W13-MIN@SEA-S,2025,13,MIN@SEA,sides_model,spread,MIN +7.5,0,-7.5,-12.0,-0.064,MIN,SEA,26,26,0.0,-4.5,-1.0
2025-W13-ARI@TB-S,2025,13,ARI@TB,sides_model,spread,ARI +6.5,0,-6.5,-3.5,-0.265,ARI,TB,3,37,1.0,3.0,0.9090909090909091
2025-W13-JAX@TEN-S,2025,13,JAX@TEN,sides_model,spread,JAX -7,0,7.0,6.0,-0.111,JAX,TEN,-22,28,1.0,-1.0,0.9090909090909091
2025-W13-JAX@TEN-HLU,2025,13,JAX@TEN,total_high_line_under,total,UNDER 42.5,-2,42.5,42.5,11.58,JAX,TEN,-22,28,1.0,0.0,0.9090909090909091
2025-W13-DEN@WAS-S,2025,13,DEN@WAS,sides_model,spread,DEN -6.5,0,6.5,6.0,-0.102,DEN,WAS,-1,53,0.0,-0.5,-1.0
2025-W13-DEN@WAS-LPT,2025,13,DEN@WAS,legacy_primetime,spread,WAS +6.5,1,6.5,6.0,0.199,DEN,WAS,-1,53,1.0,0.5,0.9090909090909091
2025-W14-LAR@ARI-S,2025,14,LAR@ARI,sides_model,spread,LAR -8.5,0,8.5,9.5,-0.09,LAR,ARI,-28,62,1.0,1.0,0.9090909090909091
2025-W14-LAR@ARI-O,2025,14,LAR@ARI,receiver_over,total,OVER 47.5,-1,47.5,49.0,41.3,LAR,ARI,-28,62,1.0,1.5,0.9090909090909091
2025-W14-SEA@ATL-S,2025,14,SEA@ATL,sides_model,spread,ATL +7.5,1,7.5,6.5,0.143,SEA,ATL,-28,46,0.0,1.0,-1.0
2025-W14-SEA@ATL-O,2025,14,SEA@ATL,receiver_over_HC,total,OVER 43.5,-1,43.5,44.5,42.0,SEA,ATL,-28,46,1.0,1.0,0.9090909090909091
2025-W14-PIT@BAL-S,2025,14,PIT@BAL,sides_model,spread,PIT +6.5,0,-6.5,-5.5,-0.099,PIT,BAL,-5,49,1.0,1.0,0.9090909090909091
2025-W14-CIN@BUF-S,2025,14,CIN@BUF,sides_model,spread,BUF -6.5,1,-6.5,-6.0,0.147,CIN,BUF,5,73,0.0,-0.5,-1.0
2025-W14-TEN@CLE-S,2025,14,TEN@CLE,sides_model,spread,TEN +3.5,0,-3.5,-3.5,-0.124,TEN,CLE,-2,60,1.0,0.0,0.9090909090909091
2025-W14-DAL@DET-S,2025,14,DAL@DET,sides_model,spread,DAL +5.5,0,-5.5,-3.5,-0.14,DAL,DET,14,74,0.0,2.0,-1.0
2025-W14-DAL@DET-LPT,2025,14,DAL@DET,legacy_primetime,spread,DET -5.5,1,-5.5,-3.5,0.24,DAL,DET,14,74,1.0,-2.0,0.9090909090909091
2025-W14-CHI@GB-S,2025,14,CHI@GB,sides_model,spread,CHI +6.25,0,-6.25,-6.5,-0.068,CHI,GB,7,49,0.0,-0.25,-1.0
2025-W14-CHI@GB-O,2025,14,CHI@GB,receiver_over,total,OVER 45.5,-1,45.5,44.0,43.0,CHI,GB,7,49,1.0,-1.5,0.9090909090909091
2025-W14-HOU@KC-S,2025,14,HOU@KC,sides_model,spread,HOU +5.5,0,-5.5,-5.0,-0.065,HOU,KC,-10,30,1.0,0.5,0.9090909090909091
2025-W14-HOU@KC-LPT,2025,14,HOU@KC,legacy_primetime,spread,KC -5.5,1,-5.5,-5.0,0.19,HOU,KC,-10,30,0.0,-0.5,-1.0
2025-W14-PHI@LAC-S,2025,14,PHI@LAC,sides_model,spread,PHI -2.5,0,2.5,1.0,-0.135,PHI,LAC,3,41,0.0,-1.5,-1.0
2025-W14-PHI@LAC-LPT,2025,14,PHI@LAC,legacy_primetime,spread,PHI -2.5,0,2.5,1.0,-0.012,PHI,LAC,3,41,0.0,-1.5,-1.0
2025-W14-DEN@LV-S,2025,14,DEN@LV,sides_model,spread,DEN -8,0,8.0,8.0,-0.214,DEN,LV,-7,41,0.0,0.0,-1.0
2025-W14-WAS@MIN-S,2025,14,WAS@MIN,sides_model,spread,WAS +2.5,0,-2.5,1.0,-0.139,WAS,MIN,31,31,0.0,3.5,-1.0
2025-W14-MIA@NYJ-S,2025,14,MIA@NYJ,sides_model,spread,MIA -3,0,3.0,2.5,-0.211,MIA,NYJ,-24,44,1.0,-0.5,0.9090909090909091
2025-W14-NO@TB-O,2025,14,NO@TB,receiver_over_HC,total,OVER 43,-1,43.0,41.5,44.7,NO,TB,-4,44,1.0,-1.5,0.9090909090909091
2025-W14-NO@TB-LF,2025,14,NO@TB,legacy_fade,spread,NO +8.5,0,-8.5,-7.5,0.436,NO,TB,-4,44,1.0,1.0,0.9090909090909091
2025-W15-CLE@CHI-S,2025,15,CLE@CHI,sides_model,spread,CHI -7.5,1,-7.5,-7.5,0.065,CLE,CHI,28,34,1.0,0.0,0.9090909090909091
2025-W15-CLE@CHI-HLU,2025,15,CLE@CHI,total_high_line_under,total,UNDER 40,-2,40.0,38.0,8.33,CLE,CHI,28,34,1.0,2.0,0.9090909090909091
2025-W15-MIN@DAL-S,2025,15,MIN@DAL,sides_model,spread,MIN +7.5,0,-7.5,-5.0,-0.084,MIN,DAL,-8,60,1.0,2.5,0.9090909090909091
2025-W15-MIN@DAL-LPT,2025,15,MIN@DAL,legacy_primetime,spread,MIN +7.5,0,-7.5,-5.0,-0.18,MIN,DAL,-8,60,1.0,2.5,0.9090909090909091
2025-W15-GB@DEN-S,2025,15,GB@DEN,sides_model,spread,DEN +1.5,1,1.5,1.0,0.05,GB,DEN,8,60,1.0,0.5,0.9090909090909091
2025-W15-GB@DEN-HLU,2025,15,GB@DEN,total_high_line_under,total,UNDER 42,-2,42.0,42.5,4.67,GB,DEN,8,60,0.0,-0.5,-1.0
2025-W15-ARI@HOU-S,2025,15,ARI@HOU,sides_model,spread,HOU -7,1,-7.0,-10.0,0.067,ARI,HOU,20,60,1.0,3.0,0.9090909090909091
2025-W15-ARI@HOU-O,2025,15,ARI@HOU,receiver_over,total,OVER 42.5,-1,42.5,42.0,41.3,ARI,HOU,20,60,1.0,-0.5,0.9090909090909091
2025-W15-NYJ@JAX-S,2025,15,NYJ@JAX,sides_model,spread,NYJ +9.5,0,-9.5,-13.5,-0.219,NYJ,JAX,28,68,0.0,-4.0,-1.0
2025-W15-LAC@KC-S,2025,15,LAC@KC,sides_model,spread,LAC +5,0,-5.0,-6.0,-0.227,LAC,KC,-3,29,1.0,-1.0,0.9090909090909091
2025-W15-DET@LAR-S,2025,15,DET@LAR,sides_model,spread,DET +4.5,0,-4.5,-5.5,-0.037,DET,LAR,7,75,0.0,-1.0,-1.0
2025-W15-DET@LAR-LF,2025,15,DET@LAR,legacy_fade,spread,LAR -4.5,1,-4.5,-5.5,0.446,DET,LAR,7,75,1.0,1.0,0.9090909090909091
2025-W15-BUF@NE-S,2025,15,BUF@NE,sides_model,spread,BUF +0.5,0,-0.5,2.5,-0.124,BUF,NE,-4,66,1.0,3.0,0.9090909090909091
2025-W15-CAR@NO-S,2025,15,CAR@NO,sides_model,spread,CAR -2.5,0,2.5,2.5,-0.196,CAR,NO,3,37,0.0,0.0,-1.0
2025-W15-WAS@NYG-S,2025,15,WAS@NYG,sides_model,spread,WAS -2,0,2.0,-2.5,-0.178,WAS,NYG,-8,50,1.0,-4.5,0.9090909090909091
2025-W15-LV@PHI-S,2025,15,LV@PHI,sides_model,spread,PHI -12.5,1,-12.5,-12.5,0.065,LV,PHI,31,31,1.0,0.0,0.9090909090909091
2025-W15-LV@PHI-U,2025,15,LV@PHI,wind_under,total,UNDER 39.5,-2,39.5,37.5,22.4,LV,PHI,31,31,1.0,2.0,0.9090909090909091
2025-W15-MIA@PIT-S,2025,15,MIA@PIT,sides_model,spread,MIA +3.5,0,-3.5,-3.0,-0.163,MIA,PIT,13,43,0.0,0.5,-1.0
2025-W15-MIA@PIT-LPT,2025,15,MIA@PIT,legacy_primetime,spread,PIT -3.5,1,-3.5,-3.0,0.071,MIA,PIT,13,43,1.0,-0.5,0.9090909090909091
2025-W15-IND@SEA-S,2025,15,IND@SEA,sides_model,spread,IND +3.5,0,-3.5,-13.5,-0.065,IND,SEA,2,34,1.0,-10.0,0.9090909090909091
2025-W15-ATL@TB-S,2025,15,ATL@TB,sides_model,spread,ATL +5.5,0,-5.5,-6.0,-0.087,ATL,TB,-1,57,1.0,-0.5,0.9090909090909091
2025-W15-ATL@TB-O,2025,15,ATL@TB,receiver_over_HC,total,OVER 44.5,-1,44.5,43.5,42.0,ATL,TB,-1,57,1.0,-1.0,0.9090909090909091
2025-W15-ATL@TB-LPT,2025,15,ATL@TB,legacy_primetime,spread,TB -5.5,1,-5.5,-6.0,0.326,ATL,TB,-1,57,0.0,0.5,-1.0
2025-W16-ATL@ARI-S,2025,16,ATL@ARI,sides_model,spread,ATL +1,0,-1.0,2.5,-0.114,ATL,ARI,-7,45,1.0,3.5,0.9090909090909091
2025-W16-ATL@ARI-LF,2025,16,ATL@ARI,legacy_fade,spread,ATL +1,0,-1.0,2.5,0.369,ATL,ARI,-7,45,1.0,3.5,0.9090909090909091
2025-W16-NE@BAL-LPT,2025,16,NE@BAL,legacy_primetime,spread,NE +2.5,0,-2.5,-3.5,-0.112,NE,BAL,-4,52,1.0,-1.0,0.9090909090909091
2025-W16-NE@BAL-SDFH,2025,16,NE@BAL,spread_dog_cover_fade_home,spread,BAL -2.5,1,-2.5,-3.5,7.89,NE,BAL,-4,52,0.0,1.0,-1.0
2025-W16-TB@CAR-S,2025,16,TB@CAR,sides_model,spread,TB -2,0,2.0,3.0,-0.041,TB,CAR,3,43,0.0,1.0,-1.0
2025-W16-TB@CAR-LF,2025,16,TB@CAR,legacy_fade,spread,TB -2,0,2.0,3.0,0.307,TB,CAR,3,43,0.0,1.0,-1.0
2025-W16-GB@CHI-S,2025,16,GB@CHI,sides_model,spread,GB -3.5,0,3.5,1.5,-0.199,GB,CHI,6,38,0.0,-2.0,-1.0
2025-W16-GB@CHI-S,2025,16,GB@CHI,sides_model,spread,GB -3.5,0,3.5,1.5,-0.199,GB,CHI,4,58,0.0,-2.0,-1.0
2025-W16-GB@CHI-O,2025,16,GB@CHI,receiver_over,total,OVER 46.5,-1,46.5,46.5,43.0,GB,CHI,6,38,0.0,0.0,-1.0
2025-W16-GB@CHI-O,2025,16,GB@CHI,receiver_over,total,OVER 46.5,-1,46.5,46.5,43.0,GB,CHI,4,58,1.0,0.0,0.9090909090909091
2025-W16-GB@CHI-LPT,2025,16,GB@CHI,legacy_primetime,spread,GB -3.5,0,3.5,1.5,-0.274,GB,CHI,6,38,0.0,-2.0,-1.0
2025-W16-GB@CHI-LPT,2025,16,GB@CHI,legacy_primetime,spread,GB -3.5,0,3.5,1.5,-0.274,GB,CHI,4,58,0.0,-2.0,-1.0
2025-W16-BUF@CLE-S,2025,16,BUF@CLE,sides_model,spread,BUF -9,0,9.0,10.5,-0.283,BUF,CLE,-3,43,0.0,1.5,-1.0
2025-W16-BUF@CLE-U,2025,16,BUF@CLE,wind_under,total,UNDER 41.5,-2,41.5,41.0,16.0,BUF,CLE,-3,43,0.0,0.5,-1.0
2025-W16-LAC@DAL-S,2025,16,LAC@DAL,sides_model,spread,DAL -2.5,1,-2.5,-1.0,0.128,LAC,DAL,-17,51,0.0,-1.5,-1.0
2025-W16-JAX@DEN-S,2025,16,JAX@DEN,sides_model,spread,JAX +2.5,0,-2.5,-3.5,-0.115,JAX,DEN,-14,54,1.0,-1.0,0.9090909090909091
2025-W16-PIT@DET-S,2025,16,PIT@DET,sides_model,spread,PIT +6.5,0,-6.5,-7.5,-0.128,PIT,DET,-5,53,1.0,-1.0,0.9090909090909091
2025-W16-SF@IND-O,2025,16,SF@IND,receiver_over,total,OVER 46,-1,46.0,46.5,42.8,SF,IND,-21,75,1.0,0.5,0.9090909090909091
2025-W16-SF@IND-LPT,2025,16,SF@IND,legacy_primetime,spread,SF -6.5,0,6.5,4.5,-0.236,SF,IND,-21,75,1.0,-2.0,0.9090909090909091
2025-W16-CIN@MIA-S,2025,16,CIN@MIA,sides_model,spread,MIA +0.75,1,0.75,3.5,0.072,CIN,MIA,-24,66,0.0,-2.75,-1.0
2025-W16-NYJ@NO-S,2025,16,NYJ@NO,sides_model,spread,NYJ +3.5,0,-3.5,-6.5,-0.169,NYJ,NO,23,35,0.0,-3.0,-1.0
2025-W16-NYJ@NO-LF,2025,16,NYJ@NO,legacy_fade,spread,NO -3.5,1,-3.5,-6.5,0.41,NYJ,NO,23,35,1.0,3.0,0.9090909090909091
2025-W16-NYJ@NO-HLU,2025,16,NYJ@NO,total_high_line_under,total,UNDER 39.5,-2,39.5,40.0,4.42,NYJ,NO,23,35,1.0,-0.5,0.9090909090909091
2025-W16-MIN@NYG-S,2025,16,MIN@NYG,sides_model,spread,MIN -1.5,0,1.5,2.5,-0.068,MIN,NYG,-3,29,1.0,1.0,0.9090909090909091
2025-W16-MIN@NYG-U,2025,16,MIN@NYG,wind_under,total,UNDER 43,-2,43.0,41.5,20.0,MIN,NYG,-3,29,1.0,1.5,0.9090909090909091
2025-W16-LAR@SEA-S,2025,16,LAR@SEA,sides_model,spread,LAR +1,0,-1.0,-2.5,-0.031,LAR,SEA,1,75,,-1.5,0.0
2025-W16-LAR@SEA-S,2025,16,LAR@SEA,sides_model,spread,LAR +1,0,-1.0,-2.5,-0.031,LAR,SEA,4,58,0.0,-1.5,-1.0
2025-W16-LAR@SEA-O,2025,16,LAR@SEA,receiver_over_HC,total,OVER 47.5,-1,47.5,45.5,37.6,LAR,SEA,1,75,1.0,-2.0,0.9090909090909091
2025-W16-LAR@SEA-O,2025,16,LAR@SEA,receiver_over_HC,total,OVER 47.5,-1,47.5,45.5,37.6,LAR,SEA,4,58,1.0,-2.0,0.9090909090909091
2025-W16-LAR@SEA-U,2025,16,LAR@SEA,wind_under,total,UNDER 47.5,-2,47.5,45.5,17.0,LAR,SEA,1,75,0.0,2.0,-1.0
2025-W16-LAR@SEA-U,2025,16,LAR@SEA,wind_under,total,UNDER 47.5,-2,47.5,45.5,17.0,LAR,SEA,4,58,0.0,2.0,-1.0
2025-W16-LAR@SEA-LPT,2025,16,LAR@SEA,legacy_primetime,spread,SEA -1,1,-1.0,-2.5,0.174,LAR,SEA,1,75,,1.5,0.0
2025-W16-LAR@SEA-LPT,2025,16,LAR@SEA,legacy_primetime,spread,SEA -1,1,-1.0,-2.5,0.174,LAR,SEA,4,58,1.0,1.5,0.9090909090909091
2025-W16-LAR@SEA-HLU,2025,16,LAR@SEA,total_high_line_under,total,UNDER 47.5,-2,47.5,45.5,9.25,LAR,SEA,1,75,0.0,2.0,-1.0
2025-W16-LAR@SEA-HLU,2025,16,LAR@SEA,total_high_line_under,total,UNDER 47.5,-2,47.5,45.5,9.25,LAR,SEA,4,58,0.0,2.0,-1.0
2025-W16-KC@TEN-S,2025,16,KC@TEN,sides_model,spread,TEN +11,1,11.0,3.0,0.206,KC,TEN,17,35,1.0,8.0,0.9090909090909091
2025-W16-KC@TEN-O,2025,16,KC@TEN,receiver_over,total,OVER 41,-1,41.0,37.5,55.2,KC,TEN,17,35,0.0,-3.5,-1.0
2025-W17-LAR@ATL-S,2025,17,LAR@ATL,sides_model,spread,ATL +8.5,1,8.5,7.5,0.153,LAR,ATL,3,51,1.0,1.0,0.9090909090909091
2025-W17-LAR@ATL-O,2025,17,LAR@ATL,receiver_over_HC,total,OVER 48.5,-1,48.5,49.0,37.6,LAR,ATL,3,51,1.0,0.5,0.9090909090909091
2025-W17-LAR@ATL-LPT,2025,17,LAR@ATL,legacy_primetime,spread,ATL +8.5,1,8.5,7.5,0.258,LAR,ATL,3,51,1.0,1.0,0.9090909090909091
2025-W17-PHI@BUF-S,2025,17,PHI@BUF,sides_model,spread,PHI +3,0,-3.0,-3.0,-0.051,PHI,BUF,-1,25,1.0,0.0,0.9090909090909091
2025-W17-SEA@CAR-S,2025,17,SEA@CAR,sides_model,spread,CAR +7.5,1,7.5,6.5,0.04,SEA,CAR,-17,37,0.0,1.0,-1.0
2025-W17-SEA@CAR-HLU,2025,17,SEA@CAR,total_high_line_under,total,UNDER 42.5,-2,42.5,42.5,9.58,SEA,CAR,-17,37,1.0,0.0,0.9090909090909091
2025-W17-ARI@CIN-S,2025,17,ARI@CIN,sides_model,spread,ARI +5.5,0,-5.5,-7.0,-0.163,ARI,CIN,23,51,0.0,-1.5,-1.0
2025-W17-ARI@CIN-LF,2025,17,ARI@CIN,legacy_fade,spread,CIN -5.5,1,-5.5,-7.0,0.353,ARI,CIN,23,51,1.0,1.5,0.9090909090909091
2025-W17-PIT@CLE-S,2025,17,PIT@CLE,sides_model,spread,PIT -4.5,0,4.5,4.0,-0.078,PIT,CLE,7,19,0.0,-0.5,-1.0
2025-W17-PIT@CLE-O,2025,17,PIT@CLE,receiver_over,total,OVER 34.5,-1,34.5,35.5,42.6,PIT,CLE,7,19,0.0,1.0,-1.0
2025-W17-PIT@CLE-HLU,2025,17,PIT@CLE,total_high_line_under,total,UNDER 34.5,-2,34.5,35.5,7.33,PIT,CLE,7,19,1.0,-1.0,0.9090909090909091
2025-W17-BAL@GB-LPT,2025,17,BAL@GB,legacy_primetime,spread,GB -3,1,-3.0,-2.5,0.164,BAL,GB,-17,65,0.0,-0.5,-1.0
2025-W17-DEN@KC-S,2025,17,DEN@KC,sides_model,spread,DEN -6,0,6.0,13.5,-0.206,DEN,KC,-7,33,1.0,7.5,0.9090909090909091
2025-W17-DEN@KC-LPT,2025,17,DEN@KC,legacy_primetime,spread,KC +6,1,6.0,13.5,0.025,DEN,KC,-7,33,0.0,-7.5,-1.0
2025-W17-HOU@LAC-S,2025,17,HOU@LAC,sides_model,spread,HOU -1.5,0,1.5,-1.0,-0.173,HOU,LAC,-4,36,1.0,-2.5,0.9090909090909091
2025-W17-HOU@LAC-HLU,2025,17,HOU@LAC,total_high_line_under,total,UNDER 39.5,-2,39.5,40.75,7.0,HOU,LAC,-4,36,1.0,-1.25,0.9090909090909091
2025-W17-TB@MIA-S,2025,17,TB@MIA,sides_model,spread,TB -4.5,0,4.5,5.0,-0.046,TB,MIA,3,37,0.0,0.5,-1.0
2025-W17-DET@MIN-S,2025,17,DET@MIN,sides_model,spread,DET -3.5,0,3.5,7.0,-0.171,DET,MIN,13,33,0.0,3.5,-1.0
2025-W17-NE@NYJ-S,2025,17,NE@NYJ,sides_model,spread,NYJ +9.5,1,9.5,13.0,0.139,NE,NYJ,-32,52,0.0,-3.5,-1.0
2025-W17-NE@NYJ-O,2025,17,NE@NYJ,receiver_over,total,OVER 43.5,-1,43.5,42.0,35.9,NE,NYJ,-32,52,1.0,-1.5,0.9090909090909091
2025-W17-CHI@SF-S,2025,17,CHI@SF,sides_model,spread,SF -3,1,-3.0,-3.5,0.143,CHI,SF,4,80,1.0,0.5,0.9090909090909091
2025-W17-CHI@SF-O,2025,17,CHI@SF,receiver_over,total,OVER 50.5,-1,50.5,51.5,43.0,CHI,SF,4,80,1.0,1.0,0.9090909090909091
2025-W17-CHI@SF-LPT,2025,17,CHI@SF,legacy_primetime,spread,SF -3,1,-3.0,-3.5,0.278,CHI,SF,4,80,1.0,0.5,0.9090909090909091
2025-W17-NO@TEN-S,2025,17,NO@TEN,sides_model,spread,TEN +2.5,1,2.5,1.5,0.048,NO,TEN,-8,60,0.0,1.0,-1.0
2025-W17-NO@TEN-U,2025,17,NO@TEN,wind_under,total,UNDER 39,-2,39.0,39.5,15.0,NO,TEN,-8,60,0.0,-0.5,-1.0
2025-W17-NO@TEN-LF,2025,17,NO@TEN,legacy_fade,spread,NO -2.5,0,2.5,1.5,0.358,NO,TEN,-8,60,1.0,-1.0,0.9090909090909091
2025-W17-NO@TEN-HLU,2025,17,NO@TEN,total_high_line_under,total,UNDER 39,-2,39.0,39.5,15.75,NO,TEN,-8,60,0.0,-0.5,-1.0
2025-W17-DAL@WAS-S,2025,17,DAL@WAS,sides_model,spread,WAS +3.5,1,3.5,8.5,0.041,DAL,WAS,-7,53,0.0,-5.0,-1.0
2025-W18-NO@ATL-S,2025,18,NO@ATL,sides_model,spread,ATL -2.5,1,-2.5,-4.0,0.142,NO,ATL,2,36,0.0,1.5,-1.0
2025-W18-NO@ATL-O,2025,18,NO@ATL,receiver_over_HC,total,OVER 43.5,-1,43.5,43.5,43.1,NO,ATL,2,36,0.0,0.0,-1.0
2025-W18-NYJ@BUF-S,2025,18,NYJ@BUF,sides_model,spread,BUF -11.5,1,-11.5,-12.0,0.195,NYJ,BUF,27,43,1.0,0.5,0.9090909090909091
2025-W18-DET@CHI-S,2025,18,DET@CHI,sides_model,spread,DET +2,0,-2.0,-4.0,-0.228,DET,CHI,-3,35,1.0,-2.0,0.9090909090909091
2025-W18-CLE@CIN-S,2025,18,CLE@CIN,sides_model,spread,CIN -7.5,1,-7.5,-9.5,0.155,CLE,CIN,-2,38,0.0,2.0,-1.0
2025-W18-LAC@DEN-S,2025,18,LAC@DEN,sides_model,spread,DEN -7.5,1,-7.5,-14.5,0.058,LAC,DEN,16,22,1.0,7.0,0.9090909090909091
2025-W18-IND@HOU-S,2025,18,IND@HOU,sides_model,spread,IND +10,0,-10.0,-9.5,-0.127,IND,HOU,8,68,1.0,0.5,0.9090909090909091
2025-W18-IND@HOU-HLU,2025,18,IND@HOU,total_high_line_under,total,UNDER 40,-2,40.0,37.5,4.83,IND,HOU,8,68,0.0,2.5,-1.0
2025-W18-ARI@LAR-S,2025,18,ARI@LAR,sides_model,spread,ARI +9.5,0,-9.5,-14.0,-0.075,ARI,LAR,17,57,0.0,-4.5,-1.0
2025-W18-GB@MIN-S,2025,18,GB@MIN,sides_model,spread,MIN -6.5,1,-6.5,-12.5,0.049,GB,MIN,13,19,1.0,6.0,0.9090909090909091
2025-W18-GB@MIN-LF,2025,18,GB@MIN,legacy_fade,spread,MIN -6.5,1,-6.5,-12.5,0.342,GB,MIN,13,19,1.0,6.0,0.9090909090909091
2025-W18-GB@MIN-HLU,2025,18,GB@MIN,total_high_line_under,total,UNDER 37,-2,37.0,37.0,4.08,GB,MIN,13,19,1.0,0.0,0.9090909090909091
2025-W18-MIA@NE-S,2025,18,MIA@NE,sides_model,spread,MIA +10,0,-10.0,-13.5,-0.134,MIA,NE,28,48,0.0,-3.5,-1.0
2025-W18-DAL@NYG-S,2025,18,DAL@NYG,sides_model,spread,NYG +5.5,1,5.5,3.0,0.058,DAL,NYG,17,51,1.0,2.5,0.9090909090909091
2025-W18-WAS@PHI-U,2025,18,WAS@PHI,wind_under,total,UNDER 42.5,-2,42.5,38.5,17.0,WAS,PHI,-7,41,1.0,4.0,0.9090909090909091
2025-W18-BAL@PIT-S,2025,18,BAL@PIT,sides_model,spread,BAL -3,0,3.0,4.5,-0.105,BAL,PIT,2,50,0.0,1.5,-1.0
2025-W18-BAL@PIT-LPT,2025,18,BAL@PIT,legacy_primetime,spread,BAL -3,0,3.0,4.5,-0.295,BAL,PIT,2,50,0.0,1.5,-1.0
2025-W18-BAL@PIT-HLU,2025,18,BAL@PIT,total_high_line_under,total,UNDER 42.25,-2,42.25,41.5,5.67,BAL,PIT,2,50,0.0,0.75,-1.0
2025-W18-SEA@SF-S,2025,18,SEA@SF,sides_model,spread,SEA +1,0,-1.0,2.5,-0.154,SEA,SF,-10,16,1.0,3.5,0.9090909090909091
2025-W18-SEA@SF-U,2025,18,SEA@SF,wind_under,total,UNDER 49.5,-2,49.5,48.5,15.0,SEA,SF,-10,16,1.0,1.0,0.9090909090909091
2025-W18-SEA@SF-LPT,2025,18,SEA@SF,legacy_primetime,spread,SF -1,1,-1.0,2.5,0.273,SEA,SF,-10,16,0.0,-3.5,-1.0
2025-W19-LAR@CAR-S,2025,19,LAR@CAR,sides_model,spread,CAR +9.5,1,9.5,10.0,0.146,LAR,CAR,3,59,1.0,-0.5,0.9090909090909091
2025-W19-LAR@CAR-S,2025,19,LAR@CAR,sides_model,spread,CAR +9.5,1,9.5,10.0,0.146,LAR,CAR,-3,65,1.0,-0.5,0.9090909090909091
2025-W19-LAR@CAR-U,2025,19,LAR@CAR,wind_under,total,UNDER 45.5,-2,45.5,45.0,16.0,LAR,CAR,3,59,0.0,0.5,-1.0
2025-W19-LAR@CAR-U,2025,19,LAR@CAR,wind_under,total,UNDER 45.5,-2,45.5,45.0,16.0,LAR,CAR,-3,65,0.0,0.5,-1.0
2025-W19-GB@CHI-S,2025,19,GB@CHI,sides_model,spread,CHI +3.5,1,3.5,1.5,0.097,GB,CHI,6,38,1.0,2.0,0.9090909090909091
2025-W19-GB@CHI-S,2025,19,GB@CHI,sides_model,spread,CHI +3.5,1,3.5,1.5,0.097,GB,CHI,4,58,1.0,2.0,0.9090909090909091
2025-W19-GB@CHI-LPT,2025,19,GB@CHI,legacy_primetime,spread,CHI +3.5,1,3.5,1.5,0.139,GB,CHI,6,38,1.0,2.0,0.9090909090909091
2025-W19-GB@CHI-LPT,2025,19,GB@CHI,legacy_primetime,spread,CHI +3.5,1,3.5,1.5,0.139,GB,CHI,4,58,1.0,2.0,0.9090909090909091
2025-W19-BUF@JAX-S,2025,19,BUF@JAX,sides_model,spread,JAX +1,1,1.0,-1.5,0.035,BUF,JAX,-3,51,0.0,2.5,-1.0
2025-W19-LAC@NE-LPT,2025,19,LAC@NE,legacy_primetime,spread,NE -3.5,1,-3.5,-3.5,0.006,LAC,NE,13,19,1.0,0.0,0.9090909090909091
2025-W19-SF@PHI-S,2025,19,SF@PHI,sides_model,spread,PHI -3.5,1,-3.5,-5.5,0.187,SF,PHI,-4,42,0.0,2.0,-1.0
2025-W19-SF@PHI-U,2025,19,SF@PHI,wind_under,total,UNDER 46,-2,46.0,43.5,22.0,SF,PHI,-4,42,1.0,2.5,0.9090909090909091
2025-W19-HOU@PIT-S,2025,19,HOU@PIT,sides_model,spread,HOU -3,0,3.0,3.0,-0.091,HOU,PIT,-24,36,1.0,0.0,0.9090909090909091
2025-W19-HOU@PIT-LPT,2025,19,HOU@PIT,legacy_primetime,spread,HOU -3,0,3.0,3.0,-0.368,HOU,PIT,-24,36,1.0,0.0,0.9090909090909091
2025-W20-LAR@CHI-S,2025,20,LAR@CHI,sides_model,spread,LAR -4,0,4.0,3.5,-0.118,LAR,CHI,-3,37,0.0,-0.5,-1.0
2025-W20-LAR@CHI-U,2025,20,LAR@CHI,wind_under,total,UNDER 51,-2,51.0,49.0,17.2,LAR,CHI,-3,37,1.0,2.0,0.9090909090909091
2025-W20-LAR@CHI-LF,2025,20,LAR@CHI,legacy_fade,spread,CHI +4,1,4.0,3.5,0.325,LAR,CHI,-3,37,1.0,0.5,0.9090909090909091
2025-W20-BUF@DEN-S,2025,20,BUF@DEN,sides_model,spread,BUF -1.5,0,1.5,-1.5,-0.038,BUF,DEN,3,63,0.0,-3.0,-1.0
2025-W20-HOU@NE-S,2025,20,HOU@NE,sides_model,spread,NE -2.5,1,-2.5,-3.5,0.221,HOU,NE,12,44,1.0,1.0,0.9090909090909091
2025-W20-HOU@NE-O,2025,20,HOU@NE,receiver_over_HC,total,OVER 41,-1,41.0,41.0,40.0,HOU,NE,12,44,1.0,0.0,0.9090909090909091
2025-W20-HOU@NE-LF,2025,20,HOU@NE,legacy_fade,spread,HOU +2.5,0,-2.5,-3.5,0.343,HOU,NE,12,44,0.0,-1.0,-1.0
2025-W20-HOU@NE-HLU,2025,20,HOU@NE,total_high_line_under,total,UNDER 41,-2,41.0,41.0,12.75,HOU,NE,12,44,0.0,0.0,-1.0
2025-W20-SF@SEA-S,2025,20,SF@SEA,sides_model,spread,SF -2.5,0,2.5,-7.0,-0.046,SF,SEA,-4,30,1.0,-9.5,0.9090909090909091
2025-W20-SF@SEA-S,2025,20,SF@SEA,sides_model,spread,SF -2.5,0,2.5,-7.0,-0.046,SF,SEA,35,47,0.0,-9.5,-1.0
2025-W20-SF@SEA-LPT,2025,20,SF@SEA,legacy_primetime,spread,SEA +2.5,1,2.5,-7.0,0.044,SF,SEA,-4,30,0.0,9.5,-1.0
2025-W20-SF@SEA-LPT,2025,20,SF@SEA,legacy_primetime,spread,SEA +2.5,1,2.5,-7.0,0.044,SF,SEA,35,47,1.0,9.5,0.9090909090909091
2025-W21-NE@DEN-S,2025,21,NE@DEN,sides_model,spread,NE -5.5,0,5.5,3.5,-0.034,NE,DEN,-3,17,0.0,-2.0,-1.0
2025-W21-LAR@SEA-S,2025,21,LAR@SEA,sides_model,spread,LAR +1,0,-1.0,-2.5,-0.253,LAR,SEA,1,75,,-1.5,0.0
2025-W21-LAR@SEA-S,2025,21,LAR@SEA,sides_model,spread,LAR +1,0,-1.0,-2.5,-0.253,LAR,SEA,4,58,0.0,-1.5,-1.0
2025-W22-SEA@NE-S,2025,22,SEA@NE,sides_model,spread,SEA -5,0,5.0,4.5,-0.07,SEA,NE,-16,42,1.0,-0.5,0.9090909090909091
2025-W22-SEA@NE-LF,2025,22,SEA@NE,legacy_fade,spread,SEA -5,0,5.0,4.5,0.436,SEA,NE,-16,42,1.0,-0.5,0.9090909090909091
