season,week,game,away_ab,home_ab,display_total,pt_b15,pt_b55,open_total,close_total,edge_open,edge_b15,edge_b55,direction,tier,bet_quality,actual_total
2025,1,TB@ATL,TB,ATL,42.99,,42.99,46.5,47.5,-3.51,,-3.51,UNDER,LEAN_EARLY,0,43.0
2025,1,BAL@BUF,BAL,BUF,52.21,,52.21,51.5,51.0,0.71,,0.71,NEUTRAL,NONE,0,81.0
2025,1,MIN@CHI,MIN,CHI,41.34,,41.34,43.5,43.5,-2.16,,-2.16,UNDER,LEAN_EARLY,0,51.0
2025,1,CIN@CLE,CIN,CLE,39.81,,39.81,47.5,48.0,-7.69,,-7.69,UNDER,LEAN_EARLY,0,33.0
2025,1,TEN@DEN,TEN,DEN,41.22,,41.22,41.5,42.5,-0.28,,-0.28,NEUTRAL,NONE,0,32.0
2025,1,DET@GB,DET,GB,49.74,,49.74,47.0,47.5,2.74,,2.74,OVER,LEAN_EARLY,0,40.0
2025,1,MIA@IND,MIA,IND,43.38,,43.38,47.0,47.0,-3.62,,-3.62,UNDER,LEAN_EARLY,0,41.0
2025,1,CAR@JAX,CAR,JAX,40.01,,40.01,47.0,45.5,-6.99,,-6.99,UNDER,LEAN_EARLY,0,36.0
2025,1,KC@LAC,KC,LAC,44.18,,44.18,45.5,47.5,-1.32,,-1.32,NEUTRAL,NONE,0,48.0
2025,1,HOU@LAR,HOU,LAR,44.49,,44.49,44.0,43.0,0.49,,0.49,NEUTRAL,NONE,0,23.0
2025,1,LV@NE,LV,NE,36.77,,36.77,43.0,44.0,-6.23,,-6.23,UNDER,LEAN_EARLY,0,33.0
2025,1,ARI@NO,ARI,NO,46.12,,46.12,42.5,44.5,3.62,,3.62,OVER,LEAN_EARLY,0,33.0
2025,1,PIT@NYJ,PIT,NYJ,41.73,,41.73,38.5,38.0,3.23,,3.23,OVER,LEAN_EARLY,0,66.0
2025,1,DAL@PHI,DAL,PHI,49.66,,49.66,47.5,47.5,2.16,,2.16,OVER,LEAN_EARLY,0,44.0
2025,1,SF@SEA,SF,SEA,46.52,,46.52,44.0,44.25,2.52,,2.52,OVER,LEAN_EARLY,0,30.0
2025,1,NYG@WAS,NYG,WAS,48.53,,48.53,45.5,45.5,3.03,,3.03,OVER,LEAN_EARLY,0,27.0
2025,2,CAR@ARI,CAR,ARI,42.85,,42.85,46.5,45.0,-3.65,,-3.65,UNDER,LEAN_EARLY,0,49.0
2025,2,CLE@BAL,CLE,BAL,51.93,,51.93,44.5,46.5,7.43,,7.43,OVER,LEAN_EARLY,0,58.0
2025,2,JAX@CIN,JAX,CIN,49.86,,49.86,49.5,49.0,0.36,,0.36,NEUTRAL,NONE,0,58.0
2025,2,NYG@DAL,NYG,DAL,50.05,,50.05,44.5,44.5,5.55,,5.55,OVER,LEAN_EARLY,0,77.0
2025,2,CHI@DET,CHI,DET,48.05,,48.05,48.5,46.0,-0.45,,-0.45,NEUTRAL,NONE,0,73.0
2025,2,WAS@GB,WAS,GB,55.79,,55.79,48.5,48.0,7.29,,7.29,OVER,LEAN_EARLY,0,45.0
2025,2,TB@HOU,TB,HOU,43.1,,43.1,46.5,42.5,-3.4,,-3.4,UNDER,LEAN_EARLY,0,39.0
2025,2,DEN@IND,DEN,IND,43.07,,43.07,44.5,43.5,-1.43,,-1.43,NEUTRAL,NONE,0,57.0
2025,2,PHI@KC,PHI,KC,43.13,,43.13,45.5,47.0,-2.37,,-2.37,UNDER,LEAN_EARLY,0,37.0
2025,2,LAC@LV,LAC,LV,44.88,,44.88,44.5,46.5,0.38,,0.38,NEUTRAL,NONE,0,29.0
2025,2,NE@MIA,NE,MIA,40.58,,40.58,45.5,43.0,-4.92,,-4.92,UNDER,LEAN_EARLY,0,60.0
2025,2,ATL@MIN,ATL,MIN,40.11,,40.11,45.5,44.5,-5.39,,-5.39,UNDER,LEAN_EARLY,0,28.0
2025,2,SF@NO,SF,NO,40.0,,40.0,44.5,40.5,-4.5,,-4.5,UNDER,LEAN_EARLY,0,47.0
2025,2,BUF@NYJ,BUF,NYJ,47.37,,47.37,44.5,47.5,2.87,,2.87,OVER,LEAN_EARLY,0,40.0
2025,2,SEA@PIT,SEA,PIT,46.66,,46.66,41.5,40.5,5.16,,5.16,OVER,LEAN_EARLY,0,48.0
2025,2,LAR@TEN,LAR,TEN,36.11,,36.11,45.5,41.0,-9.39,,-9.39,UNDER,LEAN_EARLY,0,52.0
2025,3,DET@BAL,DET,BAL,55.94,,55.94,50.5,54.0,5.44,,5.44,OVER,LEAN_EARLY,0,68.0
2025,3,MIA@BUF,MIA,BUF,53.99,,53.99,48.5,50.5,5.49,,5.49,OVER,LEAN_EARLY,0,52.0
2025,3,ATL@CAR,ATL,CAR,34.75,,34.75,44.5,44.0,-9.75,,-9.75,UNDER,LEAN_EARLY,0,30.0
2025,3,DAL@CHI,DAL,CHI,41.56,,41.56,46.5,50.0,-4.94,,-4.94,UNDER,LEAN_EARLY,0,45.0
2025,3,GB@CLE,GB,CLE,43.51,,43.51,42.75,41.0,0.76,,0.76,NEUTRAL,NONE,0,23.0
2025,3,HOU@JAX,HOU,JAX,42.75,,42.75,43.25,43.5,-0.5,,-0.5,NEUTRAL,NONE,0,27.0
2025,3,DEN@LAC,DEN,LAC,50.84,,50.84,43.5,45.5,7.34,,7.34,OVER,LEAN_EARLY,0,43.0
2025,3,CIN@MIN,CIN,MIN,45.91,,45.91,46.5,42.5,-0.59,,-0.59,NEUTRAL,NONE,0,58.0
2025,3,PIT@NE,PIT,NE,37.75,,37.75,42.75,44.5,-5.0,,-5.0,UNDER,LEAN_EARLY,0,35.0
2025,3,KC@NYG,KC,NYG,40.25,,40.25,42.5,44.5,-2.25,,-2.25,UNDER,LEAN_EARLY,0,31.0
2025,3,LAR@PHI,LAR,PHI,45.79,,45.79,45.5,45.5,0.29,,0.29,NEUTRAL,NONE,0,59.0
2025,3,ARI@SF,ARI,SF,44.06,,44.06,43.75,44.0,0.31,,0.31,NEUTRAL,NONE,0,31.0
2025,3,NO@SEA,NO,SEA,48.53,,48.53,41.25,41.5,7.28,,7.28,OVER,LEAN_EARLY,0,57.0
2025,3,NYJ@TB,NYJ,TB,46.81,,46.81,44.5,43.0,2.31,,2.31,OVER,LEAN_EARLY,0,56.0
2025,3,IND@TEN,IND,TEN,43.38,,43.38,43.0,43.5,0.38,,0.38,NEUTRAL,NONE,0,61.0
2025,3,LV@WAS,LV,WAS,41.94,,41.94,47.5,43.5,-5.56,,-5.56,UNDER,LEAN_EARLY,0,65.0
2025,4,SEA@ARI,SEA,ARI,46.22,44.05,48.39,43.5,43.5,2.72,0.55,4.89,OVER,WEAK,0,43.0
2025,4,WAS@ATL,WAS,ATL,43.66,42.37,44.96,45.5,43.5,-1.84,-3.13,-0.54,UNDER,WEAK,0,61.0
2025,4,NO@BUF,NO,BUF,44.45,46.09,42.81,47.5,48.5,-3.05,-1.41,-4.69,UNDER,WEAK,0,50.0
2025,4,GB@DAL,GB,DAL,48.84,46.43,51.25,48.5,46.5,0.34,-2.07,2.75,NEUTRAL,NONE,0,80.0
2025,4,CLE@DET,CLE,DET,48.31,47.07,49.56,47.0,44.5,1.31,0.07,2.56,OVER,WEAK,0,44.0
2025,4,TEN@HOU,TEN,HOU,44.89,46.68,43.09,40.5,39.5,4.39,6.18,2.59,OVER,LEAN,0,26.0
2025,4,BAL@KC,BAL,KC,50.17,45.93,54.4,48.5,48.5,1.67,-2.57,5.9,NEUTRAL,NONE,0,57.0
2025,4,IND@LAR,IND,LAR,45.55,45.54,45.57,46.5,49.5,-0.95,-0.96,-0.93,UNDER,WEAK,0,47.0
2025,4,CHI@LV,CHI,LV,43.48,44.53,42.43,46.5,47.5,-3.02,-1.97,-4.07,UNDER,WEAK,0,49.0
2025,4,NYJ@MIA,NYJ,MIA,43.3,41.62,44.98,44.5,44.0,-1.2,-2.88,0.48,NEUTRAL,NONE,0,48.0
2025,4,CAR@NE,CAR,NE,42.09,44.54,39.64,44.75,43.0,-2.66,-0.21,-5.11,UNDER,WEAK,0,55.0
2025,4,LAC@NYG,LAC,NYG,44.05,45.28,42.82,45.5,42.5,-1.45,-0.22,-2.68,UNDER,WEAK,0,39.0
2025,4,MIN@PIT,MIN,PIT,39.1,42.34,35.86,41.25,41.0,-2.15,1.09,-5.39,NEUTRAL,NONE,0,45.0
2025,4,JAX@SF,JAX,SF,44.25,40.47,48.04,45.25,45.5,-1.0,-4.78,2.79,NEUTRAL,NONE,0,47.0
2025,4,PHI@TB,PHI,TB,46.69,45.91,47.47,45.5,44.0,1.19,0.41,1.97,OVER,WEAK,0,56.0
2025,5,TEN@ARI,TEN,ARI,44.1,40.3,47.91,42.0,41.5,2.1,-1.7,5.91,NEUTRAL,NONE,0,43.0
2025,5,HOU@BAL,HOU,BAL,39.77,43.01,36.53,46.0,41.0,-6.23,-2.99,-9.47,UNDER,LEAN,0,54.0
2025,5,NE@BUF,NE,BUF,45.19,44.85,45.53,49.0,49.0,-3.81,-4.15,-3.47,UNDER,HC,1,43.0
2025,5,MIA@CAR,MIA,CAR,39.82,41.99,37.66,46.0,44.0,-6.18,-4.01,-8.34,UNDER,HC,1,51.0
2025,5,DET@CIN,DET,CIN,50.59,48.03,53.14,49.5,49.0,1.09,-1.47,3.64,NEUTRAL,NONE,0,61.0
2025,5,MIN@CLE,MIN,CLE,37.27,39.01,35.54,38.5,35.5,-1.23,0.51,-2.96,NEUTRAL,NONE,0,38.0
2025,5,LV@IND,LV,IND,44.98,45.23,44.72,48.5,46.5,-3.52,-3.27,-3.78,UNDER,HC,1,46.0
2025,5,KC@JAX,KC,JAX,43.76,45.24,42.28,44.5,45.5,-0.74,0.74,-2.22,NEUTRAL,NONE,0,59.0
2025,5,WAS@LAC,WAS,LAC,44.51,44.86,44.15,48.5,47.5,-3.99,-3.64,-4.35,UNDER,HC,1,37.0
2025,5,SF@LAR,SF,LAR,43.17,43.01,43.32,47.0,43.5,-3.83,-3.99,-3.68,UNDER,HC,1,49.0
2025,5,NYG@NO,NYG,NO,45.69,47.2,44.17,43.5,42.0,2.19,3.7,0.67,OVER,WEAK,0,40.0
2025,5,DAL@NYJ,DAL,NYJ,46.02,49.53,42.51,46.5,47.5,-0.48,3.03,-3.99,NEUTRAL,NONE,0,59.0
2025,5,DEN@PHI,DEN,PHI,46.54,47.1,45.97,43.5,44.0,3.04,3.6,2.47,OVER,LEAN,0,38.0
2025,5,TB@SEA,TB,SEA,47.94,45.97,49.91,44.5,44.5,3.44,1.47,5.41,OVER,WEAK,0,73.0
2025,6,BUF@ATL,BUF,ATL,46.17,44.74,47.6,50.0,49.5,-3.83,-5.26,-2.4,UNDER,LEAN,0,38.0
2025,6,LAR@BAL,LAR,BAL,43.03,45.3,40.77,45.0,44.0,-1.97,0.3,-4.23,NEUTRAL,NONE,0,20.0
2025,6,DAL@CAR,DAL,CAR,44.95,43.05,46.84,47.5,47.5,-2.55,-4.45,-0.66,UNDER,WEAK,0,57.0
2025,6,CIN@GB,CIN,GB,50.86,51.38,50.34,44.5,44.5,6.36,6.88,5.84,OVER,HC,1,45.0
2025,6,ARI@IND,ARI,IND,47.93,47.09,48.76,47.5,46.0,0.43,-0.41,1.26,NEUTRAL,NONE,0,58.0
2025,6,SEA@JAX,SEA,JAX,45.1,44.85,45.34,45.0,47.5,0.1,-0.15,0.34,NEUTRAL,NONE,0,32.0
2025,6,DET@KC,DET,KC,50.82,46.17,55.47,49.0,51.5,1.82,-2.83,6.47,NEUTRAL,NONE,0,47.0
2025,6,TEN@LV,TEN,LV,40.86,46.05,35.66,41.5,41.5,-0.64,4.55,-5.84,NEUTRAL,NONE,0,30.0
2025,6,LAC@MIA,LAC,MIA,45.73,48.54,42.93,45.5,45.0,0.23,3.04,-2.57,NEUTRAL,NONE,0,56.0
2025,6,NE@NO,NE,NO,40.66,41.45,39.87,45.0,46.0,-4.34,-3.55,-5.13,UNDER,HC,1,44.0
2025,6,PHI@NYG,PHI,NYG,42.66,44.13,41.19,42.5,41.0,0.16,1.63,-1.31,NEUTRAL,NONE,0,51.0
2025,6,DEN@NYJ,DEN,NYJ,40.92,39.1,42.73,43.5,43.5,-2.58,-4.4,-0.77,UNDER,WEAK,0,24.0
2025,6,CLE@PIT,CLE,PIT,41.28,42.86,39.71,37.5,38.0,3.78,5.36,2.21,OVER,LEAN,0,32.0
2025,6,SF@TB,SF,TB,46.39,47.76,45.02,47.0,46.5,-0.61,0.76,-1.98,NEUTRAL,NONE,0,49.0
2025,6,CHI@WAS,CHI,WAS,45.62,48.03,43.2,50.5,49.0,-4.88,-2.47,-7.3,UNDER,LEAN,0,49.0
2025,7,GB@ARI,GB,ARI,46.62,46.2,47.03,45.0,44.5,1.62,1.2,2.03,OVER,WEAK,0,50.0
2025,7,NO@CHI,NO,CHI,40.71,38.99,42.43,45.5,43.5,-4.79,-6.51,-3.07,UNDER,HC,1,40.0
2025,7,PIT@CIN,PIT,CIN,45.17,45.62,44.72,43.0,45.0,2.17,2.62,1.72,OVER,WEAK,0,64.0
2025,7,MIA@CLE,MIA,CLE,37.36,37.08,37.63,41.5,34.5,-4.14,-4.42,-3.87,UNDER,HC,1,37.0
2025,7,WAS@DAL,WAS,DAL,49.7,48.98,50.42,52.5,54.5,-2.8,-3.52,-2.08,UNDER,LEAN,0,66.0
2025,7,NYG@DEN,NYG,DEN,41.23,44.59,37.88,41.0,40.5,0.23,3.59,-3.12,NEUTRAL,NONE,0,65.0
2025,7,TB@DET,TB,DET,48.43,44.39,52.47,53.0,54.0,-4.57,-8.61,-0.53,UNDER,WEAK,0,33.0
2025,7,LAR@JAX,LAR,JAX,39.69,38.26,41.13,46.5,44.5,-6.81,-8.24,-5.37,UNDER,HC,1,42.0
2025,7,LV@KC,LV,KC,43.27,44.01,42.54,45.5,44.5,-2.23,-1.49,-2.96,UNDER,WEAK,0,31.0
2025,7,IND@LAC,IND,LAC,50.83,49.82,51.84,48.0,48.5,2.83,1.82,3.84,OVER,WEAK,0,62.0
2025,7,PHI@MIN,PHI,MIN,43.31,43.55,43.07,42.5,43.5,0.81,1.05,0.57,OVER,WEAK,0,50.0
2025,7,CAR@NYJ,CAR,NYJ,39.59,38.24,40.93,44.5,40.0,-4.91,-6.26,-3.57,UNDER,HC,1,19.0
2025,7,ATL@SF,ATL,SF,43.52,41.79,45.25,45.5,46.5,-1.98,-3.71,-0.25,UNDER,WEAK,0,30.0
2025,7,HOU@SEA,HOU,SEA,44.39,45.49,43.29,42.0,41.0,2.39,3.49,1.29,OVER,WEAK,0,46.0
2025,7,NE@TEN,NE,TEN,40.42,37.49,43.35,43.0,41.0,-2.58,-5.51,0.35,NEUTRAL,NONE,0,44.0
2025,8,MIA@ATL,MIA,ATL,42.08,41.44,42.71,45.5,44.5,-3.42,-4.06,-2.79,UNDER,LEAN,0,44.0
2025,8,CHI@BAL,CHI,BAL,39.35,37.06,41.64,49.5,45.0,-10.15,-12.44,-7.86,UNDER,EXTREME,0,46.0
2025,8,BUF@CAR,BUF,CAR,41.98,41.17,42.79,48.5,47.5,-6.52,-7.33,-5.71,UNDER,HC,1,49.0
2025,8,NYJ@CIN,NYJ,CIN,46.36,42.76,49.96,42.5,44.0,3.86,0.26,7.46,OVER,WEAK,0,77.0
2025,8,DAL@DEN,DAL,DEN,45.82,45.53,46.11,47.5,51.5,-1.68,-1.97,-1.39,UNDER,WEAK,0,68.0
2025,8,SF@HOU,SF,HOU,46.04,47.18,44.89,43.5,41.0,2.54,3.68,1.39,OVER,WEAK,0,41.0
2025,8,TEN@IND,TEN,IND,47.99,47.1,48.88,45.0,47.5,2.99,2.1,3.88,OVER,LEAN,0,52.0
2025,8,WAS@KC,WAS,KC,48.13,48.36,47.89,50.5,48.0,-2.37,-2.14,-2.61,UNDER,LEAN,0,35.0
2025,8,MIN@LAC,MIN,LAC,45.15,46.55,43.74,43.0,45.0,2.15,3.55,0.74,OVER,WEAK,0,47.0
2025,8,CLE@NE,CLE,NE,44.24,43.29,45.19,40.5,40.5,3.74,2.79,4.69,OVER,LEAN,0,45.0
2025,8,TB@NO,TB,NO,38.85,40.84,36.86,47.5,46.0,-8.65,-6.66,-10.64,UNDER,HC,1,26.0
2025,8,NYG@PHI,NYG,PHI,46.04,47.68,44.4,42.5,43.5,3.54,5.18,1.9,OVER,WEAK,0,58.0
2025,8,GB@PIT,GB,PIT,46.04,44.18,47.89,43.5,46.0,2.54,0.68,4.39,OVER,WEAK,0,60.0
2025,9,KC@BUF,KC,BUF,48.09,46.63,49.56,51.5,53.0,-3.41,-4.87,-1.94,UNDER,WEAK,0,49.0
2025,9,CHI@CIN,CHI,CIN,47.07,46.95,47.2,49.0,51.5,-1.93,-2.05,-1.8,UNDER,WEAK,0,89.0
2025,9,ARI@DAL,ARI,DAL,44.26,45.68,42.85,52.5,53.5,-8.24,-6.82,-9.65,UNDER,HC,1,44.0
2025,9,MIN@DET,MIN,DET,44.86,46.07,43.66,48.5,47.5,-3.64,-2.43,-4.84,UNDER,LEAN,0,51.0
2025,9,CAR@GB,CAR,GB,42.5,39.23,45.76,43.5,43.5,-1.0,-4.27,2.26,NEUTRAL,NONE,0,29.0
2025,9,DEN@HOU,DEN,HOU,47.89,48.2,47.58,39.0,41.0,8.89,9.2,8.58,OVER,EXTREME,0,33.0
2025,9,NO@LAR,NO,LAR,44.18,43.07,45.29,45.5,44.5,-1.32,-2.43,-0.21,UNDER,WEAK,0,44.0
2025,9,JAX@LV,JAX,LV,43.06,45.54,40.58,44.0,44.0,-0.94,1.54,-3.42,NEUTRAL,NONE,0,59.0
2025,9,BAL@MIA,BAL,MIA,46.77,49.27,44.28,50.0,51.0,-3.23,-0.73,-5.72,UNDER,WEAK,0,34.0
2025,9,ATL@NE,ATL,NE,40.53,41.23,39.83,45.0,45.5,-4.47,-3.77,-5.17,UNDER,HC,1,47.0
2025,9,SF@NYG,SF,NYG,43.93,44.17,43.68,45.5,47.5,-1.57,-1.33,-1.82,UNDER,WEAK,0,58.0
2025,9,IND@PIT,IND,PIT,47.99,45.25,50.72,49.0,52.0,-1.01,-3.75,1.72,NEUTRAL,NONE,0,47.0
2025,9,LAC@TEN,LAC,TEN,46.05,47.17,44.94,43.5,44.0,2.55,3.67,1.44,OVER,WEAK,0,47.0
2025,9,SEA@WAS,SEA,WAS,42.5,41.54,43.46,46.5,47.5,-4.0,-4.96,-3.04,UNDER,HC,1,52.0
2025,10,NO@CAR,NO,CAR,37.37,42.94,31.8,40.5,38.5,-3.13,2.44,-8.7,NEUTRAL,NONE,0,24.0
2025,10,NYG@CHI,NYG,CHI,46.75,45.87,47.63,47.0,45.0,-0.25,-1.13,0.63,NEUTRAL,NONE,0,44.0
2025,10,LV@DEN,LV,DEN,41.56,44.69,38.43,42.5,42.5,-0.94,2.19,-4.07,NEUTRAL,NONE,0,17.0
2025,10,PHI@GB,PHI,GB,45.7,45.2,46.19,45.0,45.0,0.7,0.2,1.19,OVER,WEAK,0,17.0
2025,10,JAX@HOU,JAX,HOU,45.93,45.91,45.96,41.5,37.5,4.43,4.41,4.46,OVER,HC,1,65.0
2025,10,ATL@IND,ATL,IND,45.11,41.89,48.33,48.5,48.5,-3.39,-6.61,-0.17,UNDER,WEAK,0,56.0
2025,10,PIT@LAC,PIT,LAC,43.15,42.09,44.2,46.5,45.5,-3.35,-4.41,-2.3,UNDER,LEAN,0,35.0
2025,10,BUF@MIA,BUF,MIA,50.55,49.99,51.1,50.0,50.0,0.55,-0.01,1.1,NEUTRAL,NONE,0,43.0
2025,10,BAL@MIN,BAL,MIN,45.15,45.38,44.93,46.5,49.0,-1.35,-1.12,-1.57,UNDER,WEAK,0,46.0
2025,10,CLE@NYJ,CLE,NYJ,46.57,51.9,41.23,38.0,37.5,8.57,13.9,3.23,OVER,HC,1,47.0
2025,10,LAR@SF,LAR,SF,45.57,44.92,46.23,48.5,49.5,-2.93,-3.58,-2.27,UNDER,LEAN,0,68.0
2025,10,ARI@SEA,ARI,SEA,45.89,44.3,47.48,44.5,44.5,1.39,-0.2,2.98,NEUTRAL,NONE,0,66.0
2025,10,NE@TB,NE,TB,43.61,43.76,43.46,48.0,48.5,-4.39,-4.24,-4.54,UNDER,HC,1,51.0
2025,10,DET@WAS,DET,WAS,43.84,41.99,45.7,51.5,49.0,-7.66,-9.51,-5.8,UNDER,HC,1,66.0
2025,11,SF@ARI,SF,ARI,46.65,44.34,48.96,47.5,48.5,-0.85,-3.16,1.46,NEUTRAL,NONE,0,63.0
2025,11,CAR@ATL,CAR,ATL,41.93,40.04,43.82,44.5,41.5,-2.57,-4.46,-0.68,UNDER,WEAK,0,57.0
2025,11,TB@BUF,TB,BUF,45.02,39.17,50.86,50.5,45.5,-5.48,-11.33,0.36,NEUTRAL,NONE,0,76.0
2025,11,BAL@CLE,BAL,CLE,40.61,39.31,41.9,41.5,38.0,-0.89,-2.19,0.4,NEUTRAL,NONE,0,39.0
2025,11,KC@DEN,KC,DEN,43.8,44.23,43.37,45.5,45.5,-1.7,-1.27,-2.13,UNDER,WEAK,0,41.0
2025,11,LAC@JAX,LAC,JAX,42.16,39.16,45.15,44.5,43.5,-2.34,-5.34,0.65,NEUTRAL,NONE,0,41.0
2025,11,SEA@LAR,SEA,LAR,52.3,48.12,56.48,47.5,49.0,4.8,0.62,8.98,OVER,WEAK,0,40.0
2025,11,DAL@LV,DAL,LV,40.25,38.5,41.99,51.0,48.5,-10.75,-12.5,-9.01,UNDER,EXTREME,0,49.0
2025,11,WAS@MIA,WAS,MIA,42.64,45.62,39.65,46.5,47.0,-3.86,-0.88,-6.85,UNDER,WEAK,0,29.0
2025,11,CHI@MIN,CHI,MIN,41.29,41.53,41.05,46.5,48.0,-5.21,-4.97,-5.45,UNDER,HC,1,36.0
2025,11,NYJ@NE,NYJ,NE,42.92,40.01,45.84,45.5,43.0,-2.58,-5.49,0.34,NEUTRAL,NONE,0,41.0
2025,11,GB@NYG,GB,NYG,42.3,39.1,45.49,45.5,41.5,-3.2,-6.4,-0.01,UNDER,WEAK,0,47.0
2025,11,DET@PHI,DET,PHI,43.55,39.35,47.76,48.5,46.5,-4.95,-9.15,-0.74,UNDER,WEAK,0,25.0
2025,11,CIN@PIT,CIN,PIT,41.63,42.14,41.13,50.0,48.0,-8.37,-7.86,-8.87,UNDER,EXTREME,0,46.0
2025,11,HOU@TEN,HOU,TEN,44.96,48.37,41.55,38.5,37.0,6.46,9.87,3.05,OVER,HC,1,29.0
2025,12,JAX@ARI,JAX,ARI,44.26,44.95,43.58,46.5,47.0,-2.24,-1.55,-2.92,UNDER,WEAK,0,51.0
2025,12,NYJ@BAL,NYJ,BAL,47.79,45.34,50.24,44.5,44.5,3.29,0.84,5.74,OVER,WEAK,0,33.0
2025,12,PIT@CHI,PIT,CHI,42.7,42.88,42.52,45.25,46.0,-2.55,-2.37,-2.73,UNDER,LEAN,0,59.0
2025,12,NE@CIN,NE,CIN,45.62,47.3,43.94,50.5,51.0,-4.88,-3.2,-6.56,UNDER,HC,1,46.0
2025,12,PHI@DAL,PHI,DAL,46.39,42.35,50.44,50.5,47.5,-4.11,-8.15,-0.06,UNDER,WEAK,0,45.0
2025,12,NYG@DET,NYG,DET,47.4,43.24,51.56,49.5,50.5,-2.1,-6.26,2.06,NEUTRAL,NONE,0,61.0
2025,12,MIN@GB,MIN,GB,44.22,43.52,44.92,43.0,41.5,1.22,0.52,1.92,OVER,WEAK,0,29.0
2025,12,BUF@HOU,BUF,HOU,46.71,46.22,47.2,44.0,44.5,2.71,2.22,3.2,OVER,LEAN,0,42.0
2025,12,IND@KC,IND,KC,47.28,46.25,48.3,50.5,49.5,-3.22,-4.25,-2.2,UNDER,LEAN,0,43.0
2025,12,TB@LAR,TB,LAR,49.09,44.86,53.32,49.5,49.5,-0.41,-4.64,3.82,NEUTRAL,NONE,0,41.0
2025,12,CLE@LV,CLE,LV,40.65,46.13,35.17,37.5,36.0,3.15,8.63,-2.33,NEUTRAL,NONE,0,34.0
2025,12,ATL@NO,ATL,NO,38.88,41.97,35.78,40.5,41.0,-1.62,1.47,-4.72,NEUTRAL,NONE,0,34.0
2025,12,CAR@SF,CAR,SF,42.28,44.13,40.43,45.5,49.0,-3.22,-1.37,-5.07,UNDER,WEAK,0,29.0
2025,12,SEA@TEN,SEA,TEN,45.99,43.54,48.44,42.5,41.5,3.49,1.04,5.94,OVER,WEAK,0,54.0
2025,13,CIN@BAL,CIN,BAL,45.66,45.24,46.09,50.5,52.5,-4.84,-5.26,-4.41,UNDER,HC,1,46.0
2025,13,LAR@CAR,LAR,CAR,39.99,41.53,38.44,45.5,45.0,-5.51,-3.97,-7.06,UNDER,HC,1,59.0
2025,13,SF@CLE,SF,CLE,41.71,41.85,41.57,41.5,35.0,0.21,0.35,0.07,OVER,WEAK,0,34.0
2025,13,KC@DAL,KC,DAL,46.84,45.56,48.11,51.5,53.5,-4.66,-5.94,-3.39,UNDER,HC,1,59.0
2025,13,GB@DET,GB,DET,51.97,46.52,57.42,48.5,48.0,3.47,-1.98,8.92,NEUTRAL,NONE,0,55.0
2025,13,HOU@IND,HOU,IND,46.54,46.01,47.07,46.5,44.5,0.04,-0.49,0.57,NEUTRAL,NONE,0,36.0
2025,13,LV@LAC,LV,LAC,41.05,45.26,36.84,42.5,40.5,-1.45,2.76,-5.66,NEUTRAL,NONE,0,45.0
2025,13,NO@MIA,NO,MIA,41.04,41.85,40.23,42.5,41.0,-1.46,-0.65,-2.27,UNDER,WEAK,0,38.0
2025,13,NYG@NE,NYG,NE,43.43,46.6,40.26,46.5,46.5,-3.07,0.1,-6.24,NEUTRAL,NONE,0,48.0
2025,13,ATL@NYJ,ATL,NYJ,42.85,43.03,42.67,39.5,38.5,3.35,3.53,3.17,OVER,HC,1,51.0
2025,13,CHI@PHI,CHI,PHI,41.04,41.04,41.04,45.0,44.0,-3.96,-3.96,-3.96,UNDER,HC,1,39.0
2025,13,BUF@PIT,BUF,PIT,44.86,43.68,46.04,47.0,44.5,-2.14,-3.32,-0.96,UNDER,WEAK,0,33.0
2025,13,MIN@SEA,MIN,SEA,46.62,44.1,49.14,43.5,41.5,3.12,0.6,5.64,OVER,WEAK,0,26.0
2025,13,ARI@TB,ARI,TB,43.5,42.82,44.17,49.5,44.5,-6.0,-6.68,-5.33,UNDER,HC,1,37.0
2025,13,JAX@TEN,JAX,TEN,42.17,42.25,42.08,42.5,42.5,-0.33,-0.25,-0.42,UNDER,WEAK,0,28.0
2025,13,DEN@WAS,DEN,WAS,40.67,43.07,38.27,43.5,43.0,-2.83,-0.43,-5.23,UNDER,WEAK,0,53.0
2025,14,LAR@ARI,LAR,ARI,48.36,46.04,50.68,47.5,49.0,0.86,-1.46,3.18,NEUTRAL,NONE,0,62.0
2025,14,SEA@ATL,SEA,ATL,46.31,44.96,47.65,43.5,44.5,2.81,1.46,4.15,OVER,WEAK,0,46.0
2025,14,PIT@BAL,PIT,BAL,40.75,43.13,38.38,47.5,43.5,-6.75,-4.37,-9.12,UNDER,HC,1,49.0
2025,14,CIN@BUF,CIN,BUF,49.56,43.48,55.64,53.0,55.0,-3.44,-9.52,2.64,NEUTRAL,NONE,0,73.0
2025,14,TEN@CLE,TEN,CLE,39.3,42.09,36.51,34.5,33.5,4.8,7.59,2.01,OVER,LEAN,0,60.0
2025,14,DAL@DET,DAL,DET,53.05,46.6,59.5,54.0,55.5,-0.95,-7.4,5.5,NEUTRAL,NONE,0,74.0
2025,14,CHI@GB,CHI,GB,44.14,42.09,46.19,45.5,44.0,-1.36,-3.41,0.69,NEUTRAL,NONE,0,49.0
2025,14,IND@JAX,IND,JAX,46.7,46.55,46.86,48.0,45.0,-1.3,-1.45,-1.14,UNDER,WEAK,0,55.0
2025,14,HOU@KC,HOU,KC,41.58,43.82,39.34,42.5,41.5,-0.92,1.32,-3.16,NEUTRAL,NONE,0,30.0
2025,14,PHI@LAC,PHI,LAC,42.98,44.81,41.15,43.5,42.0,-0.52,1.31,-2.35,NEUTRAL,NONE,0,41.0
2025,14,DEN@LV,DEN,LV,45.1,45.3,44.89,39.5,40.5,5.6,5.8,5.39,OVER,HC,1,41.0
2025,14,WAS@MIN,WAS,MIN,43.28,41.72,44.85,42.5,44.0,0.78,-0.78,2.35,NEUTRAL,NONE,0,31.0
2025,14,MIA@NYJ,MIA,NYJ,44.44,44.47,44.4,41.5,41.5,2.94,2.97,2.9,OVER,LEAN,0,44.0
2025,14,NO@TB,NO,TB,41.68,39.42,43.94,43.0,41.5,-1.32,-3.58,0.94,NEUTRAL,NONE,0,44.0
2025,15,CLE@CHI,CLE,CHI,46.13,46.5,45.77,40.0,38.0,6.13,6.5,5.77,OVER,HC,1,34.0
2025,15,BAL@CIN,BAL,CIN,50.17,50.73,49.61,51.5,51.5,-1.33,-0.77,-1.89,UNDER,WEAK,0,24.0
2025,15,MIN@DAL,MIN,DAL,45.01,44.98,45.04,47.5,47.5,-2.49,-2.52,-2.46,UNDER,LEAN,0,60.0
2025,15,GB@DEN,GB,DEN,47.22,41.57,52.87,42.0,42.5,5.22,-0.43,10.87,NEUTRAL,NONE,0,60.0
2025,15,ARI@HOU,ARI,HOU,47.01,47.43,46.59,42.5,42.0,4.51,4.93,4.09,OVER,HC,1,60.0
2025,15,NYJ@JAX,NYJ,JAX,48.5,44.93,52.08,43.0,40.5,5.5,1.93,9.08,OVER,WEAK,0,68.0
2025,15,LAC@KC,LAC,KC,50.34,53.46,47.21,44.5,41.5,5.84,8.96,2.71,OVER,LEAN,0,29.0
2025,15,DET@LAR,DET,LAR,50.16,44.64,55.67,51.0,54.5,-0.84,-6.36,4.67,NEUTRAL,NONE,0,75.0
2025,15,BUF@NE,BUF,NE,44.41,43.83,44.99,47.5,49.5,-3.09,-3.67,-2.51,UNDER,LEAN,0,66.0
2025,15,CAR@NO,CAR,NO,41.24,46.77,35.71,39.0,41.5,2.24,7.77,-3.29,NEUTRAL,NONE,0,37.0
2025,15,WAS@NYG,WAS,NYG,38.25,36.29,40.21,47.5,46.0,-9.25,-11.21,-7.29,UNDER,EXTREME,0,50.0
2025,15,LV@PHI,LV,PHI,36.88,38.49,35.28,39.5,37.5,-2.62,-1.01,-4.22,UNDER,WEAK,0,31.0
2025,15,MIA@PIT,MIA,PIT,40.28,44.78,35.77,42.5,43.0,-2.22,2.28,-6.73,NEUTRAL,NONE,0,43.0
2025,15,TEN@SF,TEN,SF,49.28,47.58,50.99,43.5,44.5,5.78,4.08,7.49,OVER,HC,1,61.0
2025,15,IND@SEA,IND,SEA,47.51,47.54,47.48,46.0,41.5,1.51,1.54,1.48,OVER,WEAK,0,34.0
2025,15,ATL@TB,ATL,TB,42.82,42.33,43.32,44.5,43.5,-1.68,-2.17,-1.18,UNDER,WEAK,0,57.0
2025,16,ATL@ARI,ATL,ARI,42.08,41.81,42.35,45.0,48.5,-2.92,-3.19,-2.65,UNDER,LEAN,0,45.0
2025,16,NE@BAL,NE,BAL,46.99,48.78,45.21,48.0,48.5,-1.01,0.78,-2.79,NEUTRAL,NONE,0,52.0
2025,16,TB@CAR,TB,CAR,41.05,42.55,39.54,44.5,44.75,-3.45,-1.95,-4.96,UNDER,WEAK,0,43.0
2025,16,GB@CHI,GB,CHI,43.8,42.98,44.62,46.5,46.5,-2.7,-3.52,-1.88,UNDER,WEAK,0,38.0
2025,16,BUF@CLE,BUF,CLE,45.06,44.86,45.26,41.5,41.0,3.56,3.36,3.76,OVER,HC,1,43.0
2025,16,LAC@DAL,LAC,DAL,43.27,43.2,43.34,48.5,50.5,-5.23,-5.3,-5.16,UNDER,HC,1,51.0
2025,16,JAX@DEN,JAX,DEN,48.65,50.36,46.94,43.5,46.75,5.15,6.86,3.44,OVER,HC,1,54.0
2025,16,PIT@DET,PIT,DET,47.35,44.95,49.76,49.5,52.0,-2.15,-4.55,0.26,NEUTRAL,NONE,0,53.0
2025,16,LV@HOU,LV,HOU,42.46,45.5,39.43,37.5,39.5,4.96,8.0,1.93,OVER,WEAK,0,44.0
2025,16,SF@IND,SF,IND,48.46,44.1,52.82,46.0,46.5,2.46,-1.9,6.82,NEUTRAL,NONE,0,75.0
2025,16,CIN@MIA,CIN,MIA,46.06,47.8,44.32,50.5,48.25,-4.44,-2.7,-6.18,UNDER,LEAN,0,66.0
2025,16,NYJ@NO,NYJ,NO,43.57,46.73,40.4,39.5,40.0,4.07,7.23,0.9,OVER,WEAK,0,35.0
2025,16,MIN@NYG,MIN,NYG,37.28,42.18,32.38,43.0,41.5,-5.72,-0.82,-10.62,UNDER,WEAK,0,29.0
2025,16,LAR@SEA,LAR,SEA,44.17,38.46,49.87,47.5,45.5,-3.33,-9.04,2.37,NEUTRAL,NONE,0,75.0
2025,16,KC@TEN,KC,TEN,44.4,44.6,44.19,41.0,37.5,3.4,3.6,3.19,OVER,HC,1,35.0
2025,16,PHI@WAS,PHI,WAS,42.59,44.93,40.24,45.0,44.0,-2.41,-0.07,-4.76,UNDER,WEAK,0,47.0
2025,17,LAR@ATL,LAR,ATL,45.54,42.32,48.76,48.5,49.0,-2.96,-6.18,0.26,NEUTRAL,NONE,0,51.0
2025,17,PHI@BUF,PHI,BUF,45.6,45.04,46.17,45.5,45.0,0.1,-0.46,0.67,NEUTRAL,NONE,0,25.0
2025,17,SEA@CAR,SEA,CAR,45.54,44.7,46.38,42.5,42.5,3.04,2.2,3.88,OVER,LEAN,0,37.0
2025,17,ARI@CIN,ARI,CIN,45.97,47.35,44.59,51.5,52.5,-5.53,-4.15,-6.91,UNDER,HC,1,51.0
2025,17,PIT@CLE,PIT,CLE,42.3,41.85,42.76,34.5,35.5,7.8,7.35,8.26,OVER,EXTREME,0,19.0
2025,17,BAL@GB,BAL,GB,49.99,51.68,48.3,46.5,37.5,3.49,5.18,1.8,OVER,WEAK,0,65.0
2025,17,JAX@IND,JAX,IND,45.66,48.93,42.38,45.5,48.5,0.16,3.43,-3.12,NEUTRAL,NONE,0,40.0
2025,17,DEN@KC,DEN,KC,41.6,44.72,38.47,39.5,38.0,2.1,5.22,-1.03,NEUTRAL,NONE,0,33.0
2025,17,HOU@LAC,HOU,LAC,46.69,46.82,46.56,39.5,40.75,7.19,7.32,7.06,OVER,EXTREME,0,36.0
2025,17,NYG@LV,NYG,LV,42.02,43.19,40.86,42.5,40.25,-0.48,0.69,-1.64,NEUTRAL,NONE,0,44.0
2025,17,TB@MIA,TB,MIA,42.35,44.49,40.21,46.5,44.0,-4.15,-2.01,-6.29,UNDER,LEAN,0,37.0
2025,17,DET@MIN,DET,MIN,44.44,46.46,42.43,48.5,44.5,-4.06,-2.04,-6.07,UNDER,LEAN,0,33.0
2025,17,NE@NYJ,NE,NYJ,42.26,42.86,41.67,43.5,42.0,-1.24,-0.64,-1.83,UNDER,WEAK,0,52.0
2025,17,CHI@SF,CHI,SF,43.92,41.53,46.31,50.5,51.5,-6.58,-8.97,-4.19,UNDER,HC,1,80.0
2025,17,NO@TEN,NO,TEN,40.74,36.88,44.59,39.0,39.5,1.74,-2.12,5.59,NEUTRAL,NONE,0,60.0
2025,17,DAL@WAS,DAL,WAS,45.6,44.87,46.33,51.0,50.5,-5.4,-6.13,-4.67,UNDER,HC,1,53.0
2025,18,NO@ATL,NO,ATL,44.21,43.59,44.84,43.5,43.5,0.71,0.09,1.34,OVER,WEAK,0,36.0
2025,18,NYJ@BUF,NYJ,BUF,42.79,44.66,40.92,39.5,39.0,3.29,5.16,1.42,OVER,WEAK,0,43.0
2025,18,DET@CHI,DET,CHI,46.02,45.72,46.32,49.5,51.5,-3.48,-3.78,-3.18,UNDER,HC,1,35.0
2025,18,CLE@CIN,CLE,CIN,47.18,47.04,47.32,44.5,47.0,2.68,2.54,2.82,OVER,LEAN,0,38.0
2025,18,LAC@DEN,LAC,DEN,43.19,41.97,44.42,39.5,37.5,3.69,2.47,4.92,OVER,LEAN,0,22.0
2025,18,IND@HOU,IND,HOU,45.28,43.61,46.95,40.0,37.5,5.28,3.61,6.95,OVER,HC,1,68.0
2025,18,TEN@JAX,TEN,JAX,42.72,43.51,41.93,47.0,46.0,-4.28,-3.49,-5.07,UNDER,HC,1,48.0
2025,18,ARI@LAR,ARI,LAR,49.26,46.39,52.13,47.25,49.25,2.01,-0.86,4.88,NEUTRAL,NONE,0,57.0
2025,18,KC@LV,KC,LV,37.93,45.44,30.43,35.75,36.0,2.18,9.69,-5.32,NEUTRAL,NONE,0,26.0
2025,18,GB@MIN,GB,MIN,44.05,46.62,41.47,37.0,37.0,7.05,9.62,4.47,OVER,HC,1,19.0
2025,18,MIA@NE,MIA,NE,44.09,45.21,42.98,45.5,44.5,-1.41,-0.29,-2.52,UNDER,WEAK,0,48.0
2025,18,DAL@NYG,DAL,NYG,46.14,47.58,44.7,52.5,50.0,-6.36,-4.92,-7.8,UNDER,HC,1,51.0
2025,18,WAS@PHI,WAS,PHI,40.7,38.68,42.73,42.5,38.5,-1.8,-3.82,0.23,NEUTRAL,NONE,0,41.0
2025,18,BAL@PIT,BAL,PIT,48.83,52.81,44.86,42.25,41.5,6.58,10.56,2.61,OVER,LEAN,0,50.0
2025,18,SEA@SF,SEA,SF,47.27,43.26,51.28,49.5,48.5,-2.23,-6.24,1.78,NEUTRAL,NONE,0,16.0
2025,18,CAR@TB,CAR,TB,42.33,38.17,46.49,43.75,43.0,-1.42,-5.58,2.74,NEUTRAL,NONE,0,30.0
2025,19,LAR@CAR,LAR,CAR,43.25,38.27,48.22,45.5,45.0,-2.25,-7.23,2.72,NEUTRAL,NONE,0,65.0
2025,19,GB@CHI,GB,CHI,42.72,44.93,40.51,46.5,46.5,-3.78,-1.57,-5.99,UNDER,WEAK,0,58.0
2025,19,BUF@JAX,BUF,JAX,48.7,43.87,53.52,51.5,51.25,-2.8,-7.63,2.02,NEUTRAL,NONE,0,51.0
2025,19,LAC@NE,LAC,NE,48.6,51.67,45.54,46.0,45.5,2.6,5.67,-0.46,NEUTRAL,NONE,0,19.0
2025,19,SF@PHI,SF,PHI,43.69,38.98,48.41,46.0,43.5,-2.31,-7.02,2.41,NEUTRAL,NONE,0,42.0
2025,19,HOU@PIT,HOU,PIT,45.97,44.57,47.37,39.5,38.0,6.47,5.07,7.87,OVER,HC,1,36.0
2025,20,LAR@CHI,LAR,CHI,45.32,42.14,48.5,51.0,49.0,-5.68,-8.86,-2.5,UNDER,LEAN,0,37.0
2025,20,BUF@DEN,BUF,DEN,45.59,40.31,50.88,46.5,45.5,-0.91,-6.19,4.38,NEUTRAL,NONE,0,63.0
2025,20,HOU@NE,HOU,NE,46.28,41.64,50.92,41.0,41.0,5.28,0.64,9.92,OVER,WEAK,0,44.0
2025,20,SF@SEA,SF,SEA,41.12,39.55,42.7,44.0,44.25,-2.88,-4.45,-1.3,UNDER,WEAK,0,47.0
2025,21,NE@DEN,NE,DEN,43.24,46.36,40.13,40.5,43.0,2.74,5.86,-0.37,NEUTRAL,NONE,0,17.0
2025,21,LAR@SEA,LAR,SEA,48.0,46.26,49.75,47.5,45.5,0.5,-1.24,2.25,NEUTRAL,NONE,0,58.0
2025,22,SEA@NE,SEA,NE,41.2,41.48,40.92,46.0,45.0,-4.8,-4.52,-5.08,UNDER,HC,1,42.0
