season,week,home_ab,away_ab,open_spread,pred_margin,actual_margin,side,tier,p_cal,label,model_agrees,teased_line,win,push
2024,4,BAL,BUF,-1.75,-1.8871536598128156,25,AWAY,1,0.794,AWAY +1.5/+2.5 dog -> +7.5/+8.5 [Wong D],True,-7.75,0.0,False
2024,4,CAR,CIN,7.0,-0.807408129891715,-10,AWAY,2,0.796,AWAY -6/-7 fav -> -0/-1 (through 3),False,1.0,1.0,False
2024,4,CHI,LAR,-3.0,7.12816900886821,6,AWAY,2,0.749,AWAY +3/+3.5 dog -> +9/+9.5 (through 3+7),False,-9.0,1.0,False
2024,4,GB,MIN,-2.5,2.417358215694331,-2,AWAY,1,0.794,AWAY +1.5/+2.5 dog -> +7.5/+8.5 [Wong D],True,-8.5,1.0,False
2024,4,IND,PIT,-1.0,0.6571015042987177,3,HOME,2,0.733,HOME pickem -> +5/+7 (through 3),False,5.0,1.0,False
2024,4,LAC,KC,4.25,-6.313370319949026,-7,HOME,1,0.833,HOME +4/+5.5 dog -> +10/+11.5 (through 7),False,10.25,1.0,False
2024,4,LV,CLE,1.5,-2.465691888000097,4,HOME,2,0.766,HOME +1.5/+2.5 dog -> +7.5/+8.5 [Wong B],False,7.5,1.0,False
2024,4,MIA,TEN,-1.5,4.757895970298849,-19,AWAY,1,0.794,AWAY +1.5/+2.5 dog -> +7.5/+8.5 [Wong D],False,-7.5,1.0,False
2024,4,NYG,DAL,6.5,-6.147518580444042,-5,AWAY,2,0.796,AWAY -6/-7 fav -> -0/-1 (through 3),False,0.5,1.0,False
2024,4,TB,PHI,2.25,2.680168821699803,17,HOME,2,0.766,HOME +1.5/+2.5 dog -> +7.5/+8.5 [Wong B],True,8.25,1.0,False
2024,5,ATL,TB,-3.0,-2.828706490791104,6,AWAY,2,0.749,AWAY +3/+3.5 dog -> +9/+9.5 (through 3+7),True,-9.0,1.0,False
2024,5,CHI,CAR,-3.5,4.782113888762942,26,AWAY,2,0.749,AWAY +3/+3.5 dog -> +9/+9.5 (through 3+7),False,-9.5,0.0,False
2024,5,CIN,BAL,1.0,-9.12969067356048,-3,HOME,2,0.733,HOME pickem -> +5/+7 (through 3),False,7.0,1.0,False
2024,5,DEN,LV,-1.5,3.7584179556939343,16,AWAY,1,0.794,AWAY +1.5/+2.5 dog -> +7.5/+8.5 [Wong D],False,-7.5,0.0,False
2024,5,HOU,BUF,0.25,-4.233329777823929,3,HOME,2,0.733,HOME pickem -> +5/+7 (through 3),False,6.25,1.0,False
2024,5,JAX,IND,-2.5,4.613247148423052,3,AWAY,1,0.794,AWAY +1.5/+2.5 dog -> +7.5/+8.5 [Wong D],False,-8.5,1.0,False
2024,5,KC,NO,-6.5,4.1365279120656115,13,HOME,2,0.749,HOME -7/-6 fav -> -1/-0 (through 3),False,-0.5,1.0,False
2024,5,MIN,NYJ,1.0,6.01047504616158,6,HOME,2,0.733,HOME pickem -> +5/+7 (through 3),True,7.0,1.0,False
2024,5,PIT,DAL,0.0,-2.4658989010809607,-3,HOME,2,0.733,HOME pickem -> +5/+7 (through 3),False,6.0,1.0,False
2024,5,SF,ARI,-7.0,7.779466032281255,-1,HOME,2,0.749,HOME -7/-6 fav -> -1/-0 (through 3),True,-1.0,0.0,False
2024,5,SEA,NYG,-6.0,10.387180349116017,-9,HOME,2,0.749,HOME -7/-6 fav -> -1/-0 (through 3),True,0.0,0.0,False
2024,5,WAS,CLE,-1.0,7.401339769594092,21,HOME,2,0.733,HOME pickem -> +5/+7 (through 3),True,5.0,1.0,False
2024,6,BAL,WAS,-7.0,4.163436507858521,7,HOME,2,0.749,HOME -7/-6 fav -> -1/-0 (through 3),False,-1.0,1.0,False
2024,6,CHI,JAX,-1.0,-2.2734364297091907,19,HOME,2,0.733,HOME pickem -> +5/+7 (through 3),False,5.0,1.0,False
2024,6,DEN,LAC,2.5,-4.867890047907993,-7,HOME,2,0.766,HOME +1.5/+2.5 dog -> +7.5/+8.5 [Wong B],False,8.5,1.0,False
2024,6,NE,HOU,6.5,-2.622586431635687,-20,AWAY,2,0.796,AWAY -6/-7 fav -> -0/-1 (through 3),False,0.5,1.0,False
2024,6,NO,TB,-2.5,-1.520433969854168,-24,AWAY,1,0.794,AWAY +1.5/+2.5 dog -> +7.5/+8.5 [Wong D],True,-8.5,1.0,False
2024,6,NYG,CIN,4.5,-4.9615843376041555,-10,HOME,1,0.833,HOME +4/+5.5 dog -> +10/+11.5 (through 7),False,10.5,1.0,False
2024,6,NYJ,BUF,1.5,0.46142072283155633,-3,HOME,2,0.766,HOME +1.5/+2.5 dog -> +7.5/+8.5 [Wong B],True,7.5,1.0,False
2024,6,PHI,CLE,-6.5,7.599069476933969,4,HOME,2,0.749,HOME -7/-6 fav -> -1/-0 (through 3),True,-0.5,1.0,False
2024,6,TEN,IND,1.0,4.1845059036463415,-3,HOME,2,0.733,HOME pickem -> +5/+7 (through 3),True,7.0,1.0,False
2024,7,ARI,LAC,-0.25,2.069056823776976,2,HOME,2,0.733,HOME pickem -> +5/+7 (through 3),True,5.75,1.0,False
2024,7,ATL,SEA,-2.5,-1.7064919544088648,-20,AWAY,1,0.794,AWAY +1.5/+2.5 dog -> +7.5/+8.5 [Wong D],True,-8.5,1.0,False
2024,7,CLE,CIN,4.5,-1.8335893464000352,-7,HOME,1,0.833,HOME +4/+5.5 dog -> +10/+11.5 (through 7),True,10.5,1.0,False
2024,7,GB,HOU,-2.5,3.336496528925558,2,AWAY,1,0.794,AWAY +1.5/+2.5 dog -> +7.5/+8.5 [Wong D],False,-8.5,1.0,False
2024,7,MIN,DET,-1.5,4.0508875699978555,-2,AWAY,1,0.794,AWAY +1.5/+2.5 dog -> +7.5/+8.5 [Wong D],False,-7.5,1.0,False
2024,7,NO,DEN,1.0,1.9774970869636992,-23,HOME,2,0.733,HOME pickem -> +5/+7 (through 3),True,7.0,0.0,False
2024,7,NYG,PHI,4.0,-4.876750808089695,-25,HOME,1,0.833,HOME +4/+5.5 dog -> +10/+11.5 (through 7),False,10.0,0.0,False
2024,7,SF,KC,-1.5,8.13776402941824,-10,AWAY,1,0.794,AWAY +1.5/+2.5 dog -> +7.5/+8.5 [Wong D],False,-7.5,1.0,False
2024,7,TB,BAL,4.5,-4.545187608020995,-10,HOME,1,0.833,HOME +4/+5.5 dog -> +10/+11.5 (through 7),False,10.5,1.0,False
2024,8,CIN,PHI,-2.5,4.9080808110322875,-20,AWAY,1,0.794,AWAY +1.5/+2.5 dog -> +7.5/+8.5 [Wong D],False,-8.5,1.0,False
2024,8,HOU,IND,-6.0,6.7541670102981,3,HOME,2,0.749,HOME -7/-6 fav -> -1/-0 (through 3),True,0.0,1.0,False
2024,8,JAX,GB,4.0,-1.742612548290736,-3,HOME,1,0.833,HOME +4/+5.5 dog -> +10/+11.5 (through 7),True,10.0,1.0,False
2024,8,LAC,NO,-7.0,8.118018222434134,18,HOME,2,0.749,HOME -7/-6 fav -> -1/-0 (through 3),True,-1.0,1.0,False
2024,8,MIA,ARI,-3.0,1.4157660686230547,-1,AWAY,2,0.749,AWAY +3/+3.5 dog -> +9/+9.5 (through 3+7),True,-9.0,1.0,False
2024,8,NE,NYJ,7.0,-5.3811483915650165,3,AWAY,2,0.796,AWAY -6/-7 fav -> -0/-1 (through 3),False,1.0,0.0,False
2024,8,SF,DAL,-7.0,1.6551617633136182,6,HOME,2,0.749,HOME -7/-6 fav -> -1/-0 (through 3),False,-1.0,1.0,False
2024,8,TB,ATL,-2.0,-0.8608055537953723,-5,AWAY,1,0.794,AWAY +1.5/+2.5 dog -> +7.5/+8.5 [Wong D],True,-8.0,1.0,False
2024,8,WAS,CHI,-1.5,2.1808872386452918,3,AWAY,1,0.794,AWAY +1.5/+2.5 dog -> +7.5/+8.5 [Wong D],False,-7.5,1.0,False
2024,9,ARI,CHI,1.5,-0.7153634749882972,20,HOME,2,0.766,HOME +1.5/+2.5 dog -> +7.5/+8.5 [Wong B],True,7.5,1.0,False
2024,9,ATL,DAL,-2.0,-0.18615786288042957,6,AWAY,1,0.794,AWAY +1.5/+2.5 dog -> +7.5/+8.5 [Wong D],True,-8.0,1.0,False
2024,9,CAR,NO,4.5,-7.808300466712084,1,HOME,1,0.833,HOME +4/+5.5 dog -> +10/+11.5 (through 7),False,10.5,1.0,False
2024,9,GB,DET,0.0,-3.6282319080863386,-10,HOME,2,0.733,HOME pickem -> +5/+7 (through 3),False,6.0,0.0,False
2024,9,MIN,IND,-7.0,8.71493898314237,8,HOME,2,0.749,HOME -7/-6 fav -> -1/-0 (through 3),True,-1.0,1.0,False
2024,9,NYJ,HOU,-1.0,-0.4833793866160889,8,HOME,2,0.733,HOME pickem -> +5/+7 (through 3),False,5.0,1.0,False
2024,9,PHI,JAX,-6.5,4.28259584891612,5,HOME,2,0.749,HOME -7/-6 fav -> -1/-0 (through 3),False,-0.5,1.0,False
2024,9,SEA,LAR,-3.0,-3.4369651035973643,-6,AWAY,2,0.749,AWAY +3/+3.5 dog -> +9/+9.5 (through 3+7),True,-9.0,1.0,False
2024,9,TEN,NE,-3.0,5.529733807348535,3,AWAY,2,0.749,AWAY +3/+3.5 dog -> +9/+9.5 (through 3+7),False,-9.0,1.0,False
2024,10,ARI,NYJ,-1.0,-1.6036742577969738,25,HOME,2,0.733,HOME pickem -> +5/+7 (through 3),False,5.0,1.0,False
2024,10,CAR,NYG,5.0,-1.437562743619189,3,HOME,1,0.833,HOME +4/+5.5 dog -> +10/+11.5 (through 7),True,11.0,1.0,False
2024,10,CHI,NE,-7.0,6.173809133449864,-16,HOME,2,0.749,HOME -7/-6 fav -> -1/-0 (through 3),False,-1.0,0.0,False
2024,10,DAL,PHI,2.5,-6.013819419660419,-28,HOME,2,0.766,HOME +1.5/+2.5 dog -> +7.5/+8.5 [Wong B],False,8.5,0.0,False
2024,10,IND,BUF,4.0,-7.792400176307167,-10,HOME,1,0.833,HOME +4/+5.5 dog -> +10/+11.5 (through 7),False,10.0,,True
2024,10,JAX,MIN,4.0,-5.776586769655429,-5,HOME,1,0.833,HOME +4/+5.5 dog -> +10/+11.5 (through 7),False,10.0,1.0,False
2024,10,LAC,TEN,-7.0,5.127597968914058,10,HOME,2,0.749,HOME -7/-6 fav -> -1/-0 (through 3),False,-1.0,1.0,False
2024,10,LAR,MIA,-2.5,-0.10290743598760232,-8,AWAY,1,0.794,AWAY +1.5/+2.5 dog -> +7.5/+8.5 [Wong D],True,-8.5,1.0,False
2024,10,NO,ATL,1.0,-1.3183132393452883,3,HOME,2,0.733,HOME pickem -> +5/+7 (through 3),False,7.0,1.0,False
2024,10,TB,SF,6.25,-4.458806100544815,-3,AWAY,2,0.796,AWAY -6/-7 fav -> -0/-1 (through 3),False,0.25,1.0,False
2024,10,WAS,PIT,-1.5,0.0727622081401908,-1,AWAY,1,0.794,AWAY +1.5/+2.5 dog -> +7.5/+8.5 [Wong D],True,-7.5,1.0,False
2024,11,BUF,KC,0.0,0.8354486514167501,9,HOME,2,0.733,HOME pickem -> +5/+7 (through 3),True,6.0,1.0,False
2024,11,DAL,HOU,6.25,-0.5446782743106822,-24,AWAY,2,0.796,AWAY -6/-7 fav -> -0/-1 (through 3),False,0.25,1.0,False
2024,11,LAC,CIN,-1.5,-1.8070212766636187,7,AWAY,1,0.794,AWAY +1.5/+2.5 dog -> +7.5/+8.5 [Wong D],True,-7.5,1.0,False
2024,11,MIA,LV,-7.0,7.8150585540974875,15,HOME,2,0.749,HOME -7/-6 fav -> -1/-0 (through 3),True,-1.0,1.0,False
2024,11,NO,CLE,-1.5,2.5267515848429407,21,AWAY,1,0.794,AWAY +1.5/+2.5 dog -> +7.5/+8.5 [Wong D],False,-7.5,0.0,False
2024,11,NYJ,IND,-3.5,5.266304691148835,-1,AWAY,2,0.749,AWAY +3/+3.5 dog -> +9/+9.5 (through 3+7),False,-9.5,1.0,False
2024,11,PHI,WAS,-3.5,6.168961887805847,8,AWAY,2,0.749,AWAY +3/+3.5 dog -> +9/+9.5 (through 3+7),False,-9.5,1.0,False
2024,11,SF,SEA,-7.0,1.667595366911116,-3,HOME,2,0.749,HOME -7/-6 fav -> -1/-0 (through 3),False,-1.0,0.0,False
2024,11,TEN,MIN,6.0,-5.490436786032263,-10,AWAY,2,0.796,AWAY -6/-7 fav -> -0/-1 (through 3),False,0.0,1.0,False
2024,12,CHI,MIN,5.0,-0.07076778620238236,-3,HOME,1,0.833,HOME +4/+5.5 dog -> +10/+11.5 (through 7),True,11.0,1.0,False
2024,12,CLE,PIT,4.0,-0.9969953668175661,5,HOME,1,0.833,HOME +4/+5.5 dog -> +10/+11.5 (through 7),True,10.0,1.0,False
2024,12,GB,SF,-0.25,3.194144345868233,28,HOME,2,0.733,HOME pickem -> +5/+7 (through 3),True,5.75,1.0,False
2024,12,IND,DET,7.0,-7.899075599767711,-18,AWAY,2,0.796,AWAY -6/-7 fav -> -0/-1 (through 3),True,1.0,1.0,False
2024,12,MIA,NE,-7.0,8.46283572139816,19,HOME,2,0.749,HOME -7/-6 fav -> -1/-0 (through 3),True,-1.0,1.0,False
2024,12,SEA,ARI,-1.0,-1.1122361715696578,10,HOME,2,0.733,HOME pickem -> +5/+7 (through 3),False,5.0,1.0,False
2024,13,ATL,LAC,1.5,-5.17338384572,-4,HOME,2,0.766,HOME +1.5/+2.5 dog -> +7.5/+8.5 [Wong B],False,7.5,1.0,False
2024,13,BAL,PHI,-3.0,5.008397275120438,-5,AWAY,2,0.749,AWAY +3/+3.5 dog -> +9/+9.5 (through 3+7),False,-9.0,1.0,False
2024,13,BUF,SF,-3.5,6.999383045037605,25,AWAY,2,0.749,AWAY +3/+3.5 dog -> +9/+9.5 (through 3+7),False,-9.5,0.0,False
2024,13,CAR,TB,6.5,-10.38532700013023,-3,AWAY,2,0.796,AWAY -6/-7 fav -> -0/-1 (through 3),True,0.5,1.0,False
2024,13,CIN,PIT,-1.75,1.1257287058801324,-6,AWAY,1,0.794,AWAY +1.5/+2.5 dog -> +7.5/+8.5 [Wong D],True,-7.75,1.0,False
2024,13,DAL,NYG,-2.5,9.766602224852596,7,AWAY,1,0.794,AWAY +1.5/+2.5 dog -> +7.5/+8.5 [Wong D],False,-8.5,1.0,False
2024,13,DEN,CLE,-6.75,9.784785532792041,9,HOME,2,0.749,HOME -7/-6 fav -> -1/-0 (through 3),True,-0.75,1.0,False
2024,13,GB,MIA,-3.5,3.550484720518222,13,AWAY,2,0.749,AWAY +3/+3.5 dog -> +9/+9.5 (through 3+7),False,-9.5,0.0,False
2024,13,JAX,HOU,6.25,-4.262717043939487,-3,AWAY,2,0.796,AWAY -6/-7 fav -> -0/-1 (through 3),False,0.25,1.0,False
2024,13,NE,IND,2.5,0.38299548521138593,-1,HOME,2,0.766,HOME +1.5/+2.5 dog -> +7.5/+8.5 [Wong B],True,8.5,1.0,False
2024,13,NO,LAR,2.5,0.831335889718074,-7,HOME,2,0.766,HOME +1.5/+2.5 dog -> +7.5/+8.5 [Wong B],True,8.5,1.0,False
2024,13,NYJ,SEA,-0.75,0.6790444387201441,-5,HOME,2,0.733,HOME pickem -> +5/+7 (through 3),False,5.25,1.0,False
2024,13,WAS,TEN,-7.0,9.381801171083353,23,HOME,2,0.749,HOME -7/-6 fav -> -1/-0 (through 3),True,-1.0,1.0,False
2024,14,ARI,SEA,-2.25,1.8117814158376537,-12,AWAY,1,0.794,AWAY +1.5/+2.5 dog -> +7.5/+8.5 [Wong D],True,-8.25,1.0,False
2024,14,DAL,CIN,6.25,-2.430904007511738,-7,AWAY,2,0.796,AWAY -6/-7 fav -> -0/-1 (through 3),False,0.25,1.0,False
2024,14,MIA,NYJ,-6.5,3.396083587630023,6,HOME,2,0.749,HOME -7/-6 fav -> -1/-0 (through 3),False,-0.5,1.0,False
2024,14,PIT,CLE,-6.5,8.315877414930771,13,HOME,2,0.749,HOME -7/-6 fav -> -1/-0 (through 3),True,-0.5,1.0,False
2024,14,SF,CHI,-6.0,6.3233850452910225,25,HOME,2,0.749,HOME -7/-6 fav -> -1/-0 (through 3),True,0.0,1.0,False
2024,15,ARI,NE,-6.5,9.131582207293102,13,HOME,2,0.749,HOME -7/-6 fav -> -1/-0 (through 3),True,-0.5,1.0,False
2024,15,CAR,DAL,0.75,-0.15229467719036832,-16,HOME,2,0.733,HOME pickem -> +5/+7 (through 3),True,6.75,0.0,False
2024,15,CLE,KC,6.25,-2.423489252457227,-14,AWAY,2,0.796,AWAY -6/-7 fav -> -0/-1 (through 3),False,0.25,1.0,False
2024,15,DET,BUF,-2.5,-0.25960537816666307,-6,AWAY,1,0.794,AWAY +1.5/+2.5 dog -> +7.5/+8.5 [Wong D],True,-8.5,1.0,False
2024,15,HOU,MIA,-2.5,9.404213772496039,8,AWAY,1,0.794,AWAY +1.5/+2.5 dog -> +7.5/+8.5 [Wong D],False,-8.5,1.0,False
2024,15,LAC,TB,-3.0,-2.074063341189637,-23,AWAY,2,0.749,AWAY +3/+3.5 dog -> +9/+9.5 (through 3+7),True,-9.0,1.0,False
2024,15,SF,LAR,-3.0,4.062560774021937,-6,AWAY,2,0.749,AWAY +3/+3.5 dog -> +9/+9.5 (through 3+7),False,-9.0,1.0,False
2024,16,CIN,CLE,-6.0,10.40005197867041,18,HOME,2,0.749,HOME -7/-6 fav -> -1/-0 (through 3),True,0.0,1.0,False
2024,16,DAL,TB,4.0,-3.978193418455474,2,HOME,1,0.833,HOME +4/+5.5 dog -> +10/+11.5 (through 7),True,10.0,1.0,False
2024,16,KC,HOU,-3.5,2.0205814859656743,8,AWAY,2,0.749,AWAY +3/+3.5 dog -> +9/+9.5 (through 3+7),True,-9.5,1.0,False
2024,16,LAC,DEN,-3.0,4.1202625001918385,7,AWAY,2,0.749,AWAY +3/+3.5 dog -> +9/+9.5 (through 3+7),False,-9.0,1.0,False
2024,16,LV,JAX,-1.0,1.2278502512980445,5,HOME,2,0.733,HOME pickem -> +5/+7 (through 3),True,5.0,1.0,False
2024,16,MIA,SF,-1.5,1.3413385086702196,12,AWAY,1,0.794,AWAY +1.5/+2.5 dog -> +7.5/+8.5 [Wong D],True,-7.5,0.0,False
2024,16,SEA,MIN,2.5,-1.3907348571351563,-3,HOME,2,0.766,HOME +1.5/+2.5 dog -> +7.5/+8.5 [Wong B],True,8.5,1.0,False
2024,17,CHI,SEA,2.0,0.5174223687710595,-3,HOME,2,0.766,HOME +1.5/+2.5 dog -> +7.5/+8.5 [Wong B],True,8.0,1.0,False
2024,17,CIN,DEN,-3.0,8.744718579876707,6,AWAY,2,0.749,AWAY +3/+3.5 dog -> +9/+9.5 (through 3+7),False,-9.0,1.0,False
2024,17,JAX,TEN,-1.0,0.4881836975479241,7,HOME,2,0.733,HOME pickem -> +5/+7 (through 3),False,5.0,1.0,False
2024,17,LAR,ARI,-3.0,6.648249114644068,4,AWAY,2,0.749,AWAY +3/+3.5 dog -> +9/+9.5 (through 3+7),False,-9.0,1.0,False
2024,17,MIN,GB,-1.5,-0.10469639693190125,2,AWAY,1,0.794,AWAY +1.5/+2.5 dog -> +7.5/+8.5 [Wong D],True,-7.5,1.0,False
2024,17,NO,LV,-2.5,0.5804454871271718,-15,AWAY,1,0.794,AWAY +1.5/+2.5 dog -> +7.5/+8.5 [Wong D],True,-8.5,1.0,False
2024,17,NYG,IND,6.5,-2.7328909253541767,12,AWAY,2,0.796,AWAY -6/-7 fav -> -0/-1 (through 3),False,0.5,0.0,False
2024,17,PIT,KC,2.25,-0.06413813676521718,-19,HOME,2,0.766,HOME +1.5/+2.5 dog -> +7.5/+8.5 [Wong B],True,8.25,0.0,False
2024,17,WAS,ATL,-3.5,6.418109988195745,6,AWAY,2,0.749,AWAY +3/+3.5 dog -> +9/+9.5 (through 3+7),False,-9.5,1.0,False
2024,18,ARI,SF,0.5,8.114259093798676,23,HOME,2,0.733,HOME pickem -> +5/+7 (through 3),True,6.5,1.0,False
2024,18,DET,MIN,-3.0,7.410460297603317,22,AWAY,2,0.749,AWAY +3/+3.5 dog -> +9/+9.5 (through 3+7),False,-9.0,0.0,False
2024,18,LAR,SEA,-0.75,-5.1204440129044695,-5,HOME,2,0.733,HOME pickem -> +5/+7 (through 3),False,5.25,1.0,False
2024,18,LV,LAC,5.5,1.571492235694746,-14,HOME,1,0.833,HOME +4/+5.5 dog -> +10/+11.5 (through 7),True,11.5,0.0,False
2024,18,NE,BUF,2.0,-4.96388631189214,7,HOME,2,0.766,HOME +1.5/+2.5 dog -> +7.5/+8.5 [Wong B],False,8.0,1.0,False
2024,18,NYJ,MIA,2.5,4.442259416192886,12,HOME,2,0.766,HOME +1.5/+2.5 dog -> +7.5/+8.5 [Wong B],True,8.5,1.0,False
2024,18,PHI,NYG,-3.5,11.239854429019235,7,AWAY,2,0.749,AWAY +3/+3.5 dog -> +9/+9.5 (through 3+7),False,-9.5,1.0,False
2024,18,PIT,CIN,2.5,4.430210233171979,-2,HOME,2,0.766,HOME +1.5/+2.5 dog -> +7.5/+8.5 [Wong B],True,8.5,1.0,False
2024,19,PHI,GB,-2.5,8.046228983129694,12,AWAY,1,0.794,AWAY +1.5/+2.5 dog -> +7.5/+8.5 [Wong D],False,-8.5,0.0,False
2024,19,TB,WAS,-3.5,7.838316369988227,-3,AWAY,2,0.749,AWAY +3/+3.5 dog -> +9/+9.5 (through 3+7),False,-9.5,1.0,False
2024,20,BUF,BAL,-1.0,2.11119494714501,2,HOME,2,0.733,HOME pickem -> +5/+7 (through 3),True,5.0,1.0,False
2024,20,KC,HOU,-3.5,11.478176014386761,9,AWAY,2,0.749,AWAY +3/+3.5 dog -> +9/+9.5 (through 3+7),False,-9.5,1.0,False
2024,20,PHI,LAR,-6.0,8.00803015839709,6,HOME,2,0.749,HOME -7/-6 fav -> -1/-0 (through 3),True,0.0,1.0,False
2024,21,KC,BUF,-1.5,1.505621788749593,3,AWAY,1,0.794,AWAY +1.5/+2.5 dog -> +7.5/+8.5 [Wong D],False,-7.5,1.0,False
2024,21,PHI,WAS,-3.5,3.2575806613887797,32,AWAY,2,0.749,AWAY +3/+3.5 dog -> +9/+9.5 (through 3+7),True,-9.5,0.0,False
2024,22,PHI,KC,1.5,6.3092386865901045,18,HOME,2,0.766,HOME +1.5/+2.5 dog -> +7.5/+8.5 [Wong B],True,7.5,1.0,False
2025,4,ARI,SEA,-2.5,1.679633836180424,-3,AWAY,1,0.794,AWAY +1.5/+2.5 dog -> +7.5/+8.5 [Wong D],True,-8.5,1.0,False
2025,4,ATL,WAS,2.5,0.31822077750575095,7,HOME,2,0.766,HOME +1.5/+2.5 dog -> +7.5/+8.5 [Wong B],True,8.5,1.0,False
2025,4,DAL,GB,5.0,-5.4712820268158895,0,HOME,1,0.833,HOME +4/+5.5 dog -> +10/+11.5 (through 7),False,11.0,1.0,False
2025,4,HOU,TEN,-7.0,4.275044496727423,26,HOME,2,0.749,HOME -7/-6 fav -> -1/-0 (through 3),False,-1.0,1.0,False
2025,4,KC,BAL,2.5,-9.15500254482751,17,HOME,2,0.766,HOME +1.5/+2.5 dog -> +7.5/+8.5 [Wong B],False,8.5,1.0,False
2025,4,LV,CHI,-2.0,5.980040642911287,-1,AWAY,1,0.794,AWAY +1.5/+2.5 dog -> +7.5/+8.5 [Wong D],False,-8.0,1.0,False
2025,4,MIA,NYJ,-2.5,0.0856193094750059,6,AWAY,1,0.794,AWAY +1.5/+2.5 dog -> +7.5/+8.5 [Wong D],True,-8.5,1.0,False
2025,4,NYG,LAC,5.5,-5.373630679061241,3,HOME,1,0.833,HOME +4/+5.5 dog -> +10/+11.5 (through 7),True,11.5,1.0,False
2025,4,PIT,MIN,-1.5,-1.3184589509480007,3,AWAY,1,0.794,AWAY +1.5/+2.5 dog -> +7.5/+8.5 [Wong D],True,-7.5,1.0,False
2025,4,SF,JAX,-3.5,-4.608382289381395,-5,AWAY,2,0.749,AWAY +3/+3.5 dog -> +9/+9.5 (through 3+7),True,-9.5,1.0,False
2025,4,TB,PHI,2.5,-2.2891907336016004,-6,HOME,2,0.766,HOME +1.5/+2.5 dog -> +7.5/+8.5 [Wong B],True,8.5,1.0,False
2025,5,CAR,MIA,0.0,-1.4301576705021737,3,HOME,2,0.733,HOME pickem -> +5/+7 (through 3),False,6.0,1.0,False
2025,5,CIN,DET,7.5,-9.616326487666457,-13,AWAY,2,0.821,AWAY -7.5/-8.5 fav -> -1.5/-2.5 [Wong C],True,1.5,1.0,False
2025,5,CLE,MIN,4.5,-6.362094752416645,-4,HOME,1,0.833,HOME +4/+5.5 dog -> +10/+11.5 (through 7),False,10.5,1.0,False
2025,5,IND,LV,-6.5,5.387146444602433,34,HOME,2,0.749,HOME -7/-6 fav -> -1/-0 (through 3),False,-0.5,1.0,False
2025,5,LAC,WAS,-3.0,-3.597787521537177,-17,AWAY,2,0.749,AWAY +3/+3.5 dog -> +9/+9.5 (through 3+7),True,-9.0,1.0,False
2025,5,LAR,SF,-3.0,5.659250832822699,-3,AWAY,2,0.749,AWAY +3/+3.5 dog -> +9/+9.5 (through 3+7),False,-9.0,1.0,False
2025,5,NO,NYG,2.0,0.6037068825722631,12,HOME,2,0.766,HOME +1.5/+2.5 dog -> +7.5/+8.5 [Wong B],True,8.0,1.0,False
2025,5,NYJ,DAL,1.5,-4.148942724283892,-15,HOME,2,0.766,HOME +1.5/+2.5 dog -> +7.5/+8.5 [Wong B],False,7.5,0.0,False
2025,5,SEA,TB,-2.0,2.6013672320046464,-3,AWAY,1,0.794,AWAY +1.5/+2.5 dog -> +7.5/+8.5 [Wong D],False,-8.0,1.0,False
2025,6,ATL,BUF,5.5,-2.697303746174492,10,HOME,1,0.833,HOME +4/+5.5 dog -> +10/+11.5 (through 7),True,11.5,1.0,False
2025,6,BAL,LAR,7.5,-3.2393413447490023,-14,AWAY,2,0.821,AWAY -7.5/-8.5 fav -> -1.5/-2.5 [Wong C],False,1.5,1.0,False
2025,6,IND,ARI,-3.5,4.848944764043529,4,AWAY,2,0.749,AWAY +3/+3.5 dog -> +9/+9.5 (through 3+7),False,-9.5,1.0,False
2025,6,JAX,SEA,-1.0,-6.432982735011499,-8,HOME,2,0.733,HOME pickem -> +5/+7 (through 3),False,5.0,0.0,False
2025,6,KC,DET,-1.0,-4.422232692336934,13,HOME,2,0.733,HOME pickem -> +5/+7 (through 3),False,5.0,1.0,False
2025,6,LV,TEN,-6.5,1.1083475177426232,10,HOME,2,0.749,HOME -7/-6 fav -> -1/-0 (through 3),False,-0.5,1.0,False
2025,6,MIA,LAC,5.5,-8.648149503251284,-2,HOME,1,0.833,HOME +4/+5.5 dog -> +10/+11.5 (through 7),False,11.5,1.0,False
2025,6,NYG,PHI,7.5,-7.9472202504612754,17,AWAY,2,0.821,AWAY -7.5/-8.5 fav -> -1.5/-2.5 [Wong C],True,1.5,0.0,False
2025,6,NYJ,DEN,6.5,-13.520099361250622,-2,AWAY,2,0.796,AWAY -6/-7 fav -> -0/-1 (through 3),True,0.5,1.0,False
2025,6,TB,SF,-2.0,-0.7076954439982703,11,AWAY,1,0.794,AWAY +1.5/+2.5 dog -> +7.5/+8.5 [Wong D],True,-8.0,0.0,False
2025,7,ARI,GB,5.5,-8.032070324964092,-4,HOME,1,0.833,HOME +4/+5.5 dog -> +10/+11.5 (through 7),False,11.5,1.0,False
2025,7,CHI,NO,-6.0,6.469012674127492,12,HOME,2,0.749,HOME -7/-6 fav -> -1/-0 (through 3),True,0.0,1.0,False
2025,7,CIN,PIT,4.5,-3.1683899907374524,2,HOME,1,0.833,HOME +4/+5.5 dog -> +10/+11.5 (through 7),True,10.5,1.0,False
2025,7,CLE,MIA,-2.5,-1.0366881684502582,25,AWAY,1,0.794,AWAY +1.5/+2.5 dog -> +7.5/+8.5 [Wong D],True,-8.5,0.0,False
2025,7,DAL,WAS,2.5,1.805354127662453,22,HOME,2,0.766,HOME +1.5/+2.5 dog -> +7.5/+8.5 [Wong B],True,8.5,1.0,False
2025,7,LAC,IND,-1.5,3.2476934404429674,-14,AWAY,1,0.794,AWAY +1.5/+2.5 dog -> +7.5/+8.5 [Wong D],False,-7.5,1.0,False
2025,7,MIN,PHI,2.5,-3.373718463263273,-6,HOME,2,0.766,HOME +1.5/+2.5 dog -> +7.5/+8.5 [Wong B],False,8.5,1.0,False
2025,7,NYJ,CAR,-2.5,0.6400786040025126,-7,AWAY,1,0.794,AWAY +1.5/+2.5 dog -> +7.5/+8.5 [Wong D],True,-8.5,1.0,False
2025,7,SEA,HOU,-3.0,0.9870352074804949,8,AWAY,2,0.749,AWAY +3/+3.5 dog -> +9/+9.5 (through 3+7),True,-9.0,1.0,False
2025,7,TEN,NE,6.0,-12.22089839467773,-18,AWAY,2,0.796,AWAY -6/-7 fav -> -0/-1 (through 3),True,0.0,1.0,False
2025,8,ATL,MIA,-6.0,6.038215346711022,-24,HOME,2,0.749,HOME -7/-6 fav -> -1/-0 (through 3),True,0.0,0.0,False
2025,8,BAL,CHI,-6.5,0.11733090273264567,14,HOME,2,0.749,HOME -7/-6 fav -> -1/-0 (through 3),False,-0.5,1.0,False
2025,8,CAR,BUF,7.5,-6.881865820963935,-31,AWAY,2,0.821,AWAY -7.5/-8.5 fav -> -1.5/-2.5 [Wong C],False,1.5,1.0,False
2025,8,CIN,NYJ,-2.5,9.41062313402184,-1,AWAY,1,0.794,AWAY +1.5/+2.5 dog -> +7.5/+8.5 [Wong D],False,-8.5,1.0,False
2025,8,HOU,SF,-2.0,4.212662589250598,11,AWAY,1,0.794,AWAY +1.5/+2.5 dog -> +7.5/+8.5 [Wong D],False,-8.0,0.0,False
2025,8,LAC,MIN,-3.0,-0.3387930875026056,27,AWAY,2,0.749,AWAY +3/+3.5 dog -> +9/+9.5 (through 3+7),True,-9.0,0.0,False
2025,8,NE,CLE,-7.0,6.468616907084174,19,HOME,2,0.749,HOME -7/-6 fav -> -1/-0 (through 3),False,-1.0,1.0,False
2025,8,NO,TB,5.5,0.6699488234147883,-20,HOME,1,0.833,HOME +4/+5.5 dog -> +10/+11.5 (through 7),True,11.5,0.0,False
2025,9,BUF,KC,1.5,0.3246221289281572,7,HOME,2,0.766,HOME +1.5/+2.5 dog -> +7.5/+8.5 [Wong B],True,7.5,1.0,False
2025,9,CIN,CHI,1.5,1.028553770757733,-5,HOME,2,0.766,HOME +1.5/+2.5 dog -> +7.5/+8.5 [Wong B],True,7.5,1.0,False
2025,9,DAL,ARI,-3.0,7.3437899008163905,-10,AWAY,2,0.749,AWAY +3/+3.5 dog -> +9/+9.5 (through 3+7),False,-9.0,1.0,False
2025,9,HOU,DEN,1.5,7.26229552862737,-3,HOME,2,0.766,HOME +1.5/+2.5 dog -> +7.5/+8.5 [Wong B],True,7.5,1.0,False
2025,9,MIA,BAL,7.5,-4.531803119364538,-22,AWAY,2,0.821,AWAY -7.5/-8.5 fav -> -1.5/-2.5 [Wong C],False,1.5,1.0,False
2025,9,NE,ATL,-3.0,1.505531111481816,1,AWAY,2,0.749,AWAY +3/+3.5 dog -> +9/+9.5 (through 3+7),True,-9.0,1.0,False
2025,9,PIT,IND,2.5,0.35977603607622294,7,HOME,2,0.766,HOME +1.5/+2.5 dog -> +7.5/+8.5 [Wong B],True,8.5,1.0,False
2025,9,TEN,LAC,8.0,-6.459594021542675,-7,AWAY,2,0.821,AWAY -7.5/-8.5 fav -> -1.5/-2.5 [Wong C],False,2.0,1.0,False
2025,10,CAR,NO,-3.5,4.464897551169554,-10,AWAY,2,0.749,AWAY +3/+3.5 dog -> +9/+9.5 (through 3+7),False,-9.5,1.0,False
2025,10,CHI,NYG,-3.5,6.480469173718372,4,AWAY,2,0.749,AWAY +3/+3.5 dog -> +9/+9.5 (through 3+7),False,-9.5,1.0,False
2025,10,GB,PHI,-3.0,-0.7196777584638945,-3,AWAY,2,0.749,AWAY +3/+3.5 dog -> +9/+9.5 (through 3+7),True,-9.0,1.0,False
2025,10,HOU,JAX,-3.0,-1.6849092731098563,7,AWAY,2,0.749,AWAY +3/+3.5 dog -> +9/+9.5 (through 3+7),True,-9.0,1.0,False
2025,10,IND,ATL,-7.0,6.643658057044934,6,HOME,2,0.749,HOME -7/-6 fav -> -1/-0 (through 3),False,-1.0,1.0,False
2025,10,NYJ,CLE,-2.0,0.5015613518076179,7,AWAY,1,0.794,AWAY +1.5/+2.5 dog -> +7.5/+8.5 [Wong D],True,-8.0,1.0,False
2025,10,SEA,ARI,-6.0,7.643464673526505,22,HOME,2,0.749,HOME -7/-6 fav -> -1/-0 (through 3),True,0.0,1.0,False
2025,10,TB,NE,-2.5,4.859801051385588,-5,AWAY,1,0.794,AWAY +1.5/+2.5 dog -> +7.5/+8.5 [Wong D],False,-8.5,1.0,False
2025,11,ARI,SF,1.5,-2.586487503469674,-19,HOME,2,0.766,HOME +1.5/+2.5 dog -> +7.5/+8.5 [Wong B],False,7.5,0.0,False
2025,11,ATL,CAR,-3.5,-0.6026682442088613,-3,AWAY,2,0.749,AWAY +3/+3.5 dog -> +9/+9.5 (through 3+7),True,-9.5,1.0,False
2025,11,BUF,TB,-6.0,4.926353705413253,12,HOME,2,0.749,HOME -7/-6 fav -> -1/-0 (through 3),False,0.0,1.0,False
2025,11,CLE,BAL,8.0,-12.392900336246687,-7,AWAY,2,0.821,AWAY -7.5/-8.5 fav -> -1.5/-2.5 [Wong C],True,2.0,1.0,False
2025,11,JAX,LAC,2.0,-0.9561232769313801,29,HOME,2,0.766,HOME +1.5/+2.5 dog -> +7.5/+8.5 [Wong B],True,8.0,1.0,False
2025,11,LAR,SEA,-2.5,4.8237867848403955,2,AWAY,1,0.794,AWAY +1.5/+2.5 dog -> +7.5/+8.5 [Wong D],False,-8.5,1.0,False
2025,11,MIA,WAS,1.5,-0.11463706104890913,3,HOME,2,0.766,HOME +1.5/+2.5 dog -> +7.5/+8.5 [Wong B],True,7.5,1.0,False
2025,11,MIN,CHI,-3.0,4.051417812111211,-2,AWAY,2,0.749,AWAY +3/+3.5 dog -> +9/+9.5 (through 3+7),False,-9.0,1.0,False
2025,11,NYG,GB,7.0,-8.792892875757166,-7,AWAY,2,0.796,AWAY -6/-7 fav -> -0/-1 (through 3),True,1.0,1.0,False
2025,11,PHI,DET,-1.5,1.0721813120741186,7,AWAY,1,0.794,AWAY +1.5/+2.5 dog -> +7.5/+8.5 [Wong D],True,-7.5,1.0,False
2025,11,PIT,CIN,-6.0,2.9202453773422405,22,HOME,2,0.749,HOME -7/-6 fav -> -1/-0 (through 3),False,0.0,1.0,False
2025,11,TEN,HOU,7.5,-8.100982383548741,-3,AWAY,2,0.821,AWAY -7.5/-8.5 fav -> -1.5/-2.5 [Wong C],True,1.5,1.0,False
2025,12,ARI,JAX,0.0,1.563098031736238,-3,HOME,2,0.733,HOME pickem -> +5/+7 (through 3),True,6.0,1.0,False
2025,12,CHI,PIT,-2.5,-1.2209617233014354,3,AWAY,1,0.794,AWAY +1.5/+2.5 dog -> +7.5/+8.5 [Wong D],True,-8.5,1.0,False
2025,12,CIN,NE,5.5,-6.57452891725169,-6,HOME,1,0.833,HOME +4/+5.5 dog -> +10/+11.5 (through 7),False,11.5,1.0,False
2025,12,DAL,PHI,4.0,-5.141069878370004,3,HOME,1,0.833,HOME +4/+5.5 dog -> +10/+11.5 (through 7),False,10.0,1.0,False
2025,12,GB,MIN,-6.0,1.192677397530088,17,HOME,2,0.749,HOME -7/-6 fav -> -1/-0 (through 3),False,0.0,1.0,False
2025,12,HOU,BUF,2.5,3.2764033031860818,4,HOME,2,0.766,HOME +1.5/+2.5 dog -> +7.5/+8.5 [Wong B],True,8.5,1.0,False
2025,12,LAR,TB,-6.0,8.804273712890456,27,HOME,2,0.749,HOME -7/-6 fav -> -1/-0 (through 3),True,0.0,1.0,False
2025,12,LV,CLE,-2.0,2.128389490788912,-14,AWAY,1,0.794,AWAY +1.5/+2.5 dog -> +7.5/+8.5 [Wong D],False,-8.0,1.0,False
2025,12,SF,CAR,-6.5,8.52243499876918,11,HOME,2,0.749,HOME -7/-6 fav -> -1/-0 (through 3),True,-0.5,1.0,False
2025,13,CLE,SF,6.5,-7.316794785946051,-18,AWAY,2,0.796,AWAY -6/-7 fav -> -0/-1 (through 3),True,0.5,1.0,False
2025,13,DAL,KC,4.0,-6.6062438317238055,3,HOME,1,0.833,HOME +4/+5.5 dog -> +10/+11.5 (through 7),False,10.0,1.0,False
2025,13,DET,GB,-3.0,6.206880028738079,-7,AWAY,2,0.749,AWAY +3/+3.5 dog -> +9/+9.5 (through 3+7),False,-9.0,1.0,False
2025,13,NYJ,ATL,1.5,2.47041858866777,3,HOME,2,0.766,HOME +1.5/+2.5 dog -> +7.5/+8.5 [Wong B],True,7.5,1.0,False
2025,13,PHI,CHI,-7.0,3.6844796483457674,-9,HOME,2,0.749,HOME -7/-6 fav -> -1/-0 (through 3),False,-1.0,0.0,False
2025,13,PIT,BUF,4.25,1.7873138085305498,-19,HOME,1,0.833,HOME +4/+5.5 dog -> +10/+11.5 (through 7),True,10.25,0.0,False
2025,13,TB,ARI,-6.5,-0.41590728042883385,3,HOME,2,0.749,HOME -7/-6 fav -> -1/-0 (through 3),False,-0.5,1.0,False
2025,13,TEN,JAX,7.0,-7.256455936174087,-22,AWAY,2,0.796,AWAY -6/-7 fav -> -0/-1 (through 3),True,1.0,1.0,False
2025,13,WAS,DEN,6.5,-9.757378374874023,-1,AWAY,2,0.796,AWAY -6/-7 fav -> -0/-1 (through 3),True,0.5,1.0,False
2025,14,ARI,LAR,8.5,-3.8342249585901764,-28,AWAY,2,0.821,AWAY -7.5/-8.5 fav -> -1.5/-2.5 [Wong C],False,2.5,1.0,False
2025,14,ATL,SEA,7.5,-1.8800397757881735,-28,AWAY,2,0.821,AWAY -7.5/-8.5 fav -> -1.5/-2.5 [Wong C],False,1.5,1.0,False
2025,14,BAL,PIT,-6.5,4.540923787833538,-5,HOME,2,0.749,HOME -7/-6 fav -> -1/-0 (through 3),False,-0.5,0.0,False
2025,14,BUF,CIN,-6.5,10.478256740311041,5,HOME,2,0.749,HOME -7/-6 fav -> -1/-0 (through 3),True,-0.5,1.0,False
2025,14,CLE,TEN,-3.5,2.240906770963227,-2,AWAY,2,0.749,AWAY +3/+3.5 dog -> +9/+9.5 (through 3+7),True,-9.5,1.0,False
2025,14,GB,CHI,-6.25,8.365125937648424,7,HOME,2,0.749,HOME -7/-6 fav -> -1/-0 (through 3),True,-0.25,1.0,False
2025,14,LAC,PHI,2.5,-0.890984674775105,3,HOME,2,0.766,HOME +1.5/+2.5 dog -> +7.5/+8.5 [Wong B],True,8.5,1.0,False
2025,14,LV,DEN,8.0,-14.802769068070745,-7,AWAY,2,0.821,AWAY -7.5/-8.5 fav -> -1.5/-2.5 [Wong C],True,2.0,1.0,False
2025,14,MIN,WAS,-2.5,1.098522770712752,31,AWAY,1,0.794,AWAY +1.5/+2.5 dog -> +7.5/+8.5 [Wong D],True,-8.5,0.0,False
2025,15,DEN,GB,1.5,3.183533713486331,8,HOME,2,0.766,HOME +1.5/+2.5 dog -> +7.5/+8.5 [Wong B],True,7.5,1.0,False
2025,15,HOU,ARI,-7.0,10.234755088169635,20,HOME,2,0.749,HOME -7/-6 fav -> -1/-0 (through 3),True,-1.0,1.0,False
2025,15,NE,BUF,-0.5,-5.401768850399922,-4,HOME,2,0.733,HOME pickem -> +5/+7 (through 3),False,5.5,1.0,False
2025,15,NO,CAR,2.5,-9.975314068733049,3,HOME,2,0.766,HOME +1.5/+2.5 dog -> +7.5/+8.5 [Wong B],False,8.5,1.0,False
2025,15,NYG,WAS,2.0,-2.6609070099103853,-8,HOME,2,0.766,HOME +1.5/+2.5 dog -> +7.5/+8.5 [Wong B],False,8.0,,True
2025,15,PIT,MIA,-3.5,1.1333542867082953,13,AWAY,2,0.749,AWAY +3/+3.5 dog -> +9/+9.5 (through 3+7),True,-9.5,0.0,False
2025,15,SEA,IND,-3.5,14.968119709593164,2,AWAY,2,0.749,AWAY +3/+3.5 dog -> +9/+9.5 (through 3+7),False,-9.5,1.0,False
2025,16,ARI,ATL,-1.0,-1.4469923761476198,-7,HOME,2,0.733,HOME pickem -> +5/+7 (through 3),False,5.0,0.0,False
2025,16,BAL,NE,-2.5,4.340458347436473,-4,AWAY,1,0.794,AWAY +1.5/+2.5 dog -> +7.5/+8.5 [Wong D],False,-8.5,1.0,False
2025,16,CAR,TB,2.0,-0.09238439331838809,3,HOME,2,0.766,HOME +1.5/+2.5 dog -> +7.5/+8.5 [Wong B],True,8.0,1.0,False
2025,16,DAL,LAC,-2.5,3.667529907465479,-17,AWAY,1,0.794,AWAY +1.5/+2.5 dog -> +7.5/+8.5 [Wong D],False,-8.5,1.0,False
2025,16,DEN,JAX,-2.5,1.7307720886379336,-14,AWAY,1,0.794,AWAY +1.5/+2.5 dog -> +7.5/+8.5 [Wong D],True,-8.5,1.0,False
2025,16,DET,PIT,-6.5,4.609984713434322,-5,HOME,2,0.749,HOME -7/-6 fav -> -1/-0 (through 3),False,-0.5,0.0,False
2025,16,IND,SF,6.5,3.651732304277266,-21,AWAY,2,0.796,AWAY -6/-7 fav -> -0/-1 (through 3),False,0.5,1.0,False
2025,16,MIA,CIN,0.75,-2.2497190717799933,-24,HOME,2,0.733,HOME pickem -> +5/+7 (through 3),False,6.75,0.0,False
2025,16,NO,NYJ,-3.5,-1.491539248164144,23,AWAY,2,0.749,AWAY +3/+3.5 dog -> +9/+9.5 (through 3+7),True,-9.5,0.0,False
2025,16,NYG,MIN,1.5,-7.509084147415633,-3,HOME,2,0.766,HOME +1.5/+2.5 dog -> +7.5/+8.5 [Wong B],False,7.5,1.0,False
2025,16,SEA,LAR,-1.0,4.250766306023903,1,HOME,2,0.733,HOME pickem -> +5/+7 (through 3),True,5.0,1.0,False
2025,16,WAS,PHI,5.5,-2.938246483801445,-11,HOME,1,0.833,HOME +4/+5.5 dog -> +10/+11.5 (through 7),True,11.5,1.0,False
2025,17,ATL,LAR,8.5,-2.517227449476038,3,AWAY,2,0.821,AWAY -7.5/-8.5 fav -> -1.5/-2.5 [Wong C],False,2.5,0.0,False
2025,17,BUF,PHI,-3.0,6.423808979623173,-1,AWAY,2,0.749,AWAY +3/+3.5 dog -> +9/+9.5 (through 3+7),False,-9.0,1.0,False
2025,17,CAR,SEA,7.5,-8.046426768863663,-17,AWAY,2,0.821,AWAY -7.5/-8.5 fav -> -1.5/-2.5 [Wong C],True,1.5,1.0,False
2025,17,CLE,PIT,4.5,-6.002999026765577,7,HOME,1,0.833,HOME +4/+5.5 dog -> +10/+11.5 (through 7),False,10.5,1.0,False
2025,17,GB,BAL,-3.0,6.356511832392424,-17,AWAY,2,0.749,AWAY +3/+3.5 dog -> +9/+9.5 (through 3+7),False,-9.0,1.0,False
2025,17,IND,JAX,5.5,-4.265024859429547,-6,HOME,1,0.833,HOME +4/+5.5 dog -> +10/+11.5 (through 7),True,11.5,1.0,False
2025,17,KC,DEN,6.0,-8.687242731534042,-7,AWAY,2,0.796,AWAY -6/-7 fav -> -0/-1 (through 3),True,0.0,1.0,False
2025,17,LAC,HOU,1.5,-0.2921519533379662,-4,HOME,2,0.766,HOME +1.5/+2.5 dog -> +7.5/+8.5 [Wong B],True,7.5,1.0,False
2025,17,MIA,TB,4.5,-1.4281626750072876,3,HOME,1,0.833,HOME +4/+5.5 dog -> +10/+11.5 (through 7),True,10.5,1.0,False
2025,17,SF,CHI,-3.0,3.1891847754813716,4,AWAY,2,0.749,AWAY +3/+3.5 dog -> +9/+9.5 (through 3+7),False,-9.0,1.0,False
2025,17,TEN,NO,2.5,3.7351780538620845,-8,HOME,2,0.766,HOME +1.5/+2.5 dog -> +7.5/+8.5 [Wong B],True,8.5,1.0,False
2025,18,ATL,NO,-2.5,13.539638593701396,2,AWAY,1,0.794,AWAY +1.5/+2.5 dog -> +7.5/+8.5 [Wong D],False,-8.5,1.0,False
2025,18,CHI,DET,-2.0,2.1577346540556888,-3,AWAY,1,0.794,AWAY +1.5/+2.5 dog -> +7.5/+8.5 [Wong D],False,-8.0,1.0,False
2025,18,LV,KC,5.5,-0.21107165908774272,2,HOME,1,0.833,HOME +4/+5.5 dog -> +10/+11.5 (through 7),True,11.5,1.0,False
2025,18,MIN,GB,-6.5,8.416756248969293,13,HOME,2,0.749,HOME -7/-6 fav -> -1/-0 (through 3),True,-0.5,1.0,False
2025,18,NYG,DAL,5.5,2.058622854685176,17,HOME,1,0.833,HOME +4/+5.5 dog -> +10/+11.5 (through 7),True,11.5,1.0,False
2025,18,SF,SEA,-1.0,-2.820826757176116,-10,HOME,2,0.733,HOME pickem -> +5/+7 (through 3),False,5.0,0.0,False
2025,18,TB,CAR,-3.0,2.8000433014663817,2,AWAY,2,0.749,AWAY +3/+3.5 dog -> +9/+9.5 (through 3+7),True,-9.0,1.0,False
2025,19,JAX,BUF,1.0,6.599886055799018,-3,HOME,2,0.733,HOME pickem -> +5/+7 (through 3),True,7.0,1.0,False
2025,19,NE,LAC,-3.5,6.2716727821052665,13,AWAY,2,0.749,AWAY +3/+3.5 dog -> +9/+9.5 (through 3+7),False,-9.5,0.0,False
2025,19,PHI,SF,-3.5,9.104886702586967,-4,AWAY,2,0.749,AWAY +3/+3.5 dog -> +9/+9.5 (through 3+7),False,-9.5,1.0,False
2025,20,CHI,LAR,4.0,0.21597810197409656,-3,HOME,1,0.833,HOME +4/+5.5 dog -> +10/+11.5 (through 7),True,10.0,1.0,False
2025,20,DEN,BUF,1.5,3.3058758756024944,3,HOME,2,0.766,HOME +1.5/+2.5 dog -> +7.5/+8.5 [Wong B],True,7.5,1.0,False
2025,20,NE,HOU,-2.5,6.1823327103988435,12,AWAY,1,0.794,AWAY +1.5/+2.5 dog -> +7.5/+8.5 [Wong D],False,-8.5,0.0,False
2025,20,SEA,SF,2.5,0.005162344528361118,35,HOME,2,0.766,HOME +1.5/+2.5 dog -> +7.5/+8.5 [Wong B],True,8.5,1.0,False
2025,21,DEN,NE,5.5,7.871688416589633,-3,HOME,1,0.833,HOME +4/+5.5 dog -> +10/+11.5 (through 7),True,11.5,1.0,False
2025,21,SEA,LAR,-1.0,-2.7286860112564133,4,HOME,2,0.733,HOME pickem -> +5/+7 (through 3),False,5.0,1.0,False
2025,22,NE,SEA,5.0,-0.7640033353583251,-16,HOME,1,0.833,HOME +4/+5.5 dog -> +10/+11.5 (through 7),True,11.0,0.0,False
