rn_path,name,type,routes,backend_calls,storage_keys,target_swift_path,status,note,reviewer,reviewed_at
wagerproof-mobile/assets/pixel-office/shared/objectManifest.ts,objectManifest,asset,,,,[asset-rebundle],missing,,,
wagerproof-mobile/components/AccuracyBadge.tsx,AccuracyBadge,component,,,,wagerproof_ios_native/Wagerproof/Features/GameCards/Components/AccuracyBadge.swift,missing,,,
wagerproof-mobile/components/AlertCardShimmer.tsx,AlertCardShimmer,component,,,,wagerproof_ios_native/Wagerproof/Features/DesignSystem/Components/AlertCardShimmer.swift,missing,,,
wagerproof-mobile/components/AndroidBlurView.tsx,AndroidBlurView,component,,,,wagerproof_ios_native/Wagerproof/Features/DesignSystem/Components/AndroidBlurView.swift,missing,,,
wagerproof-mobile/components/AnimatedSplash.tsx,AnimatedSplash,component,,,,wagerproof_ios_native/Wagerproof/Features/DesignSystem/Components/AnimatedSplash.swift,missing,,,
wagerproof-mobile/components/BettingSplitsCard.tsx,BettingSplitsCard,component,,,,wagerproof_ios_native/Wagerproof/Features/GameCards/Components/BettingSplitsCard.swift,reviewed,B04 reviewer PASS,b04-reviewer-2026-05-21,2026-05-21
wagerproof-mobile/components/BettingTrendsMatchupCardShimmer.tsx,BettingTrendsMatchupCardShimmer,component,,,,wagerproof_ios_native/Wagerproof/Features/DesignSystem/Components/BettingTrendsMatchupCardShimmer.swift,missing,,,
wagerproof-mobile/components/BettingTrendsWidget.tsx,BettingTrendsWidget,component,,,,wagerproof_ios_native/Wagerproof/Features/GameCards/Components/BettingTrendsWidget.swift,missing,,,
wagerproof-mobile/components/CFBGameCard.tsx,CFBGameCard,component,,,,wagerproof_ios_native/Wagerproof/Features/CFB/Components/CFBGameCard.swift,reviewed,B04 reviewer PASS,b04-reviewer-2026-05-21,2026-05-21
wagerproof-mobile/components/CFBPredictionCard.tsx,CFBPredictionCard,component,,,,wagerproof_ios_native/Wagerproof/Features/CFB/Components/CFBPredictionCard.swift,reviewed,B04 reviewer PASS,b04-reviewer-2026-05-21,2026-05-21
wagerproof-mobile/components/ComingSoonBanner.tsx,ComingSoonBanner,component,,,,wagerproof_ios_native/Wagerproof/Features/NBA/Components/ComingSoonBanner.swift,candidate,B21 ported to Features/LearnMore/Components/ComingSoonBanner.swift,,
wagerproof-mobile/components/CompactPickCard.tsx,CompactPickCard,component,,,,wagerproof_ios_native/Wagerproof/Features/Picks/Components/CompactPickCard.swift,reviewed,B05 reviewer PASS,b05-reviewer-2026-05-20,2026-05-20
wagerproof-mobile/components/CustomerCenter.tsx,CustomerCenter,component,,,,wagerproof_ios_native/Wagerproof/Features/Paywall/Components/CustomerCenter.swift,candidate,B08 ported to Features/Paywall/CustomerCenterView.swift,,
wagerproof-mobile/components/DeferredAgentCreator.tsx,DeferredAgentCreator,component,,,,wagerproof_ios_native/Wagerproof/Features/Agents/Components/DeferredAgentCreator.swift,missing,,,
wagerproof-mobile/components/EditorPickCard.tsx,EditorPickCard,component,,from:editors_picks,,wagerproof_ios_native/Wagerproof/Features/EditorPicks/Components/EditorPickCard.swift,reviewed,B05 reviewer PASS,b05-reviewer-2026-05-20,2026-05-20
wagerproof-mobile/components/EditorPicksStatsBanner.tsx,EditorPicksStatsBanner,component,,,,wagerproof_ios_native/Wagerproof/Features/EditorPicks/Components/EditorPicksStatsBanner.swift,reviewed,B05 reviewer PASS — waiver #013 for route push,b05-reviewer-2026-05-20,2026-05-20
wagerproof-mobile/components/FadeAlertTooltip.tsx,FadeAlertTooltip,component,,,,wagerproof_ios_native/Wagerproof/Features/Components/Components/FadeAlertTooltip.swift,missing,,,
wagerproof-mobile/components/FloatingAssistantBubble.tsx,FloatingAssistantBubble,component,,,,wagerproof_ios_native/Wagerproof/Features/Components/Components/FloatingAssistantBubble.swift,reviewed,B03 reviewer PASS — launcher pill shipped; draggable mode lands B17,b03-reviewer-2026-05-20,2026-05-20
wagerproof-mobile/components/GameCardShimmer.tsx,GameCardShimmer,component,,,,wagerproof_ios_native/Wagerproof/Features/DesignSystem/Components/GameCardShimmer.swift,reviewed,B04 reviewer PASS,b04-reviewer-2026-05-21,2026-05-21
wagerproof-mobile/components/GlobalErrorBoundary.tsx,GlobalErrorBoundary,component,,,,wagerproof_ios_native/Wagerproof/Features/DesignSystem/Components/GlobalErrorBoundary.swift,reviewed,B03 reviewer PASS — deferred to per-screen .alert per RN→Swift idiom delta,b03-reviewer-2026-05-20,2026-05-20
wagerproof-mobile/components/LiveScoreCard.tsx,LiveScoreCard,component,,,,wagerproof_ios_native/Wagerproof/Features/Scoreboard/Components/LiveScoreCard.swift,reviewed,B07 reviewer PASS,b07-reviewer-2026-05-20,2026-05-20
wagerproof-mobile/components/LiveScoreCardShimmer.tsx,LiveScoreCardShimmer,component,,,,wagerproof_ios_native/Wagerproof/Features/Scoreboard/Components/LiveScoreCardShimmer.swift,reviewed,B07 reviewer PASS,b07-reviewer-2026-05-20,2026-05-20
wagerproof-mobile/components/LiveScorePredictionCard.tsx,LiveScorePredictionCard,component,,,,wagerproof_ios_native/Wagerproof/Features/Scoreboard/Components/LiveScorePredictionCard.swift,reviewed,B07 reviewer PASS; team colors ticket #008 still open,b07-reviewer-2026-05-20,2026-05-20
wagerproof-mobile/components/LockedGameCard.tsx,LockedGameCard,component,,,,wagerproof_ios_native/Wagerproof/Features/GameCards/Components/LockedGameCard.swift,candidate,B08 ported to Features/Paywall/LockedGameCard.swift,,
wagerproof-mobile/components/LockedOverlay.tsx,LockedOverlay,component,,,,wagerproof_ios_native/Wagerproof/Features/Components/Components/LockedOverlay.swift,candidate,B08 ported to Features/Paywall/LockedOverlay.swift,,
wagerproof-mobile/components/LockedPickCard.tsx,LockedPickCard,component,,,,wagerproof_ios_native/Wagerproof/Features/Picks/Components/LockedPickCard.swift,reviewed,B05 reviewer PASS — paywall presenter wires in B08,b05-reviewer-2026-05-20,2026-05-20
wagerproof-mobile/components/MLBGameCard.tsx,MLBGameCard,component,,,,wagerproof_ios_native/Wagerproof/Features/MLB/Components/MLBGameCard.swift,missing,,,
wagerproof-mobile/components/ModelAccuracyCardShimmer.tsx,ModelAccuracyCardShimmer,component,,,,wagerproof_ios_native/Wagerproof/Features/DesignSystem/Components/ModelAccuracyCardShimmer.swift,missing,,,
wagerproof-mobile/components/ModelAccuracyWidget.tsx,ModelAccuracyWidget,component,,,,wagerproof_ios_native/Wagerproof/Features/GameCards/Components/ModelAccuracyWidget.swift,missing,,,
wagerproof-mobile/components/NBAGameCard.tsx,NBAGameCard,component,,,,wagerproof_ios_native/Wagerproof/Features/NBA/Components/NBAGameCard.swift,missing,,,
wagerproof-mobile/components/NCAABGameCard.tsx,NCAABGameCard,component,,,,wagerproof_ios_native/Wagerproof/Features/NCAAB/Components/NCAABGameCard.swift,candidate,B11 ported (agent interrupted mid-task; build green; fidelity table + parity pending),,
wagerproof-mobile/components/NFLGameCard.tsx,NFLGameCard,component,,,,wagerproof_ios_native/Wagerproof/Features/NFL/Components/NFLGameCard.swift,reviewed,B04 reviewer PASS,b04-reviewer-2026-05-21,2026-05-21
wagerproof-mobile/components/NoGamesTerminal.tsx,NoGamesTerminal,component,,,,wagerproof_ios_native/Wagerproof/Features/GameCards/Components/NoGamesTerminal.swift,missing,,,
wagerproof-mobile/components/OfflineBanner.tsx,OfflineBanner,component,,,,wagerproof_ios_native/Wagerproof/Features/DesignSystem/Components/OfflineBanner.swift,reviewed,B03 reviewer PASS — NWPathMonitor port,b03-reviewer-2026-05-20,2026-05-20
wagerproof-mobile/components/OnboardingGuard.tsx,OnboardingGuard,component,,from:profiles,,wagerproof_ios_native/Wagerproof/Features/Onboarding/Components/OnboardingGuard.swift,reviewed,b02 — subsumed into RootRouter,b02-reviewer-2026-05-20,2026-05-20
wagerproof-mobile/components/OutlierCardShimmer.tsx,OutlierCardShimmer,component,,,,wagerproof_ios_native/Wagerproof/Features/Outliers/Components/OutlierCardShimmer.swift,reviewed,B06 reviewer PASS — RN-faithful pulse loop,b06-reviewer-2026-05-20,2026-05-20
wagerproof-mobile/components/OutlierMatchupCard.tsx,OutlierMatchupCard,component,,,,wagerproof_ios_native/Wagerproof/Features/Outliers/Components/OutlierMatchupCard.swift,reviewed,B06 reviewer PASS — team palette waiver #024,b06-reviewer-2026-05-20,2026-05-20
wagerproof-mobile/components/OutliersHeroHeader.tsx,OutliersHeroHeader,component,,,,wagerproof_ios_native/Wagerproof/Features/Outliers/Components/OutliersHeroHeader.swift,reviewed,B06 reviewer PASS,b06-reviewer-2026-05-20,2026-05-20
wagerproof-mobile/components/PickCardErrorBoundary.tsx,PickCardErrorBoundary,component,,,,wagerproof_ios_native/Wagerproof/Features/DesignSystem/Components/PickCardErrorBoundary.swift,reviewed,B05 reviewer PASS — shape-invariant guard,b05-reviewer-2026-05-20,2026-05-20
wagerproof-mobile/components/PolymarketWidget.tsx,PolymarketWidget,component,,,,wagerproof_ios_native/Wagerproof/Features/Components/Polymarket/Components/PolymarketWidget.swift,reviewed,B04 reviewer PASS — #035 live fallback,b04-reviewer-2026-05-21,2026-05-21
wagerproof-mobile/components/PostOnboardingPaywall.tsx,PostOnboardingPaywall,component,,,,wagerproof_ios_native/Wagerproof/Features/Onboarding/Components/PostOnboardingPaywall.swift,reviewed,b02 — placeholder; full RevenueCat #026,b02-reviewer-2026-05-20,2026-05-20
wagerproof-mobile/components/PredictionCard.tsx,PredictionCard,component,,,,wagerproof_ios_native/Wagerproof/Features/Components/Components/PredictionCard.swift,missing,,,
wagerproof-mobile/components/ProContentSection.tsx,ProContentSection,component,,,,wagerproof_ios_native/Wagerproof/Features/Components/Components/ProContentSection.swift,candidate,B08 ported to Features/Paywall/ProContentSection.swift,,
wagerproof-mobile/components/ProFeatureGate.tsx,ProFeatureGate,component,,,,wagerproof_ios_native/Wagerproof/Features/Components/Components/ProFeatureGate.swift,candidate,B08 ported to Features/Paywall/ProFeatureGate.swift,,
wagerproof-mobile/components/RevenueCatPaywall.tsx,RevenueCatPaywall,component,,,,wagerproof_ios_native/Wagerproof/Features/Paywall/Components/RevenueCatPaywall.swift,candidate,B08 ported to Features/Paywall/RevenueCatPaywallView.swift; waiver #052,,
wagerproof-mobile/components/SideMenu.tsx,SideMenu,component,,,,wagerproof_ios_native/Wagerproof/Features/Navigation/Components/SideMenu.swift,reviewed,B03 reviewer PASS — structural rows + nav; sub state lands B08,b03-reviewer-2026-05-20,2026-05-20
wagerproof-mobile/components/SportFilter.tsx,SportFilter,component,,,,wagerproof_ios_native/Wagerproof/Features/GameCards/Components/SportFilter.swift,reviewed,B04 reviewer PASS,b04-reviewer-2026-05-21,2026-05-21
wagerproof-mobile/components/StatsSummary.tsx,StatsSummary,component,,,,wagerproof_ios_native/Wagerproof/Features/GameCards/Components/StatsSummary.swift,missing,,,
wagerproof-mobile/components/SwipeToDeleteSlider.tsx,SwipeToDeleteSlider,component,,,,wagerproof_ios_native/Wagerproof/Features/Settings/Components/SwipeToDeleteSlider.swift,missing,,,
wagerproof-mobile/components/TeamAvatar.tsx,TeamAvatar,component,,,,wagerproof_ios_native/Wagerproof/Features/DesignSystem/Components/TeamAvatar.swift,missing,,,
wagerproof-mobile/components/TeamCircle.tsx,TeamCircle,component,,,,wagerproof_ios_native/Wagerproof/Features/DesignSystem/Components/TeamCircle.swift,missing,,,
wagerproof-mobile/components/ToolExplainerBanner.tsx,ToolExplainerBanner,component,,,,wagerproof_ios_native/Wagerproof/Features/DesignSystem/Components/ToolExplainerBanner.swift,reviewed,B06 reviewer PASS,b06-reviewer-2026-05-20,2026-05-20
wagerproof-mobile/components/VoiceSettingsSheet.tsx,VoiceSettingsSheet,component,,,,wagerproof_ios_native/Wagerproof/Features/Voice/Components/VoiceSettingsSheet.swift,missing,,,
wagerproof-mobile/components/WagerBotChat.tsx,WagerBotChat,component,,,,wagerproof_ios_native/Wagerproof/Features/Chat/Components/WagerBotChat.swift,missing,,,
wagerproof-mobile/components/WagerBotChatScreen.tsx,WagerBotChatScreen,component,,,,wagerproof_ios_native/Wagerproof/Features/Chat/Components/WagerBotChatScreen.swift,missing,,,
wagerproof-mobile/components/WagerBotInsightPill.tsx,WagerBotInsightPill,component,,,,wagerproof_ios_native/Wagerproof/Features/Chat/Components/WagerBotInsightPill.swift,missing,,,
wagerproof-mobile/components/WagerBotSuggestionBubble.tsx,WagerBotSuggestionBubble,component,,,,wagerproof_ios_native/Wagerproof/Features/Chat/Components/WagerBotSuggestionBubble.swift,missing,,,
wagerproof-mobile/components/WeatherDisplay.tsx,WeatherDisplay,component,,,,wagerproof_ios_native/Wagerproof/Features/GameCards/Components/WeatherDisplay.swift,reviewed,B04 reviewer PASS,b04-reviewer-2026-05-21,2026-05-21
wagerproof-mobile/components/agents/AgentCard.tsx,AgentCard,component,,,,wagerproof_ios_native/Wagerproof/Features/Agents/Components/AgentCard.swift,missing,,,
wagerproof-mobile/components/agents/AgentChatRoom.tsx,AgentChatRoom,component,,,,wagerproof_ios_native/Wagerproof/Features/Agents/Components/AgentChatRoom.swift,missing,,,
wagerproof-mobile/components/agents/AgentIdCard.tsx,AgentIdCard,component,,,,wagerproof_ios_native/Wagerproof/Features/Agents/Components/AgentIdCard.swift,missing,,,
wagerproof-mobile/components/agents/AgentLeaderboard.tsx,AgentLeaderboard,component,,,,wagerproof_ios_native/Wagerproof/Features/Agents/Components/AgentLeaderboard.swift,missing,,,
wagerproof-mobile/components/agents/AgentOverlapFooter.tsx,AgentOverlapFooter,component,,,,wagerproof_ios_native/Wagerproof/Features/Agents/Components/AgentOverlapFooter.swift,missing,,,
wagerproof-mobile/components/agents/AgentPerformanceCharts.tsx,AgentPerformanceCharts,component,,,,wagerproof_ios_native/Wagerproof/Features/Agents/Components/AgentPerformanceCharts.swift,missing,,,
wagerproof-mobile/components/agents/AgentPickCard.tsx,AgentPickCard,component,,,,wagerproof_ios_native/Wagerproof/Features/Agents/Components/AgentPickCard.swift,missing,,,
wagerproof-mobile/components/agents/AgentPickItem.tsx,AgentPickItem,component,,,,wagerproof_ios_native/Wagerproof/Features/Agents/Components/AgentPickItem.swift,missing,,,
wagerproof-mobile/components/agents/AgentPickPayloadAuditWidget.tsx,AgentPickPayloadAuditWidget,component,,,,wagerproof_ios_native/Wagerproof/Features/Agents/Components/AgentPickPayloadAuditWidget.swift,missing,,,
wagerproof-mobile/components/agents/AgentPickRationaleWidget.tsx,AgentPickRationaleWidget,component,,,,wagerproof_ios_native/Wagerproof/Features/Agents/Components/AgentPickRationaleWidget.swift,missing,,,
wagerproof-mobile/components/agents/AgentTimeline.tsx,AgentTimeline,component,,,,wagerproof_ios_native/Wagerproof/Features/Agents/Components/AgentTimeline.swift,missing,,,
wagerproof-mobile/components/agents/CompanyDashboardBanner.tsx,CompanyDashboardBanner,component,,,,wagerproof_ios_native/Wagerproof/Features/Agents/Components/CompanyDashboardBanner.swift,missing,,,
wagerproof-mobile/components/agents/GlowAccentBar.tsx,GlowAccentBar,component,,,,wagerproof_ios_native/Wagerproof/Features/Agents/Components/GlowAccentBar.swift,missing,,,
wagerproof-mobile/components/agents/GlowingCardWrapper.tsx,GlowingCardWrapper,component,,,,wagerproof_ios_native/Wagerproof/Features/Agents/Components/GlowingCardWrapper.swift,missing,,,
wagerproof-mobile/components/agents/PixelEmojiInline.tsx,PixelEmojiInline,component,,,,wagerproof_ios_native/Wagerproof/Features/Agents/Components/PixelEmojiInline.swift,missing,,,
wagerproof-mobile/components/agents/PixelOffice.tsx,PixelOffice,component,,,,wagerproof_ios_native/Wagerproof/Features/Agents/Components/PixelOffice.swift,missing,,,
wagerproof-mobile/components/agents/PrinterSlipAnimation.tsx,PrinterSlipAnimation,component,,,,wagerproof_ios_native/Wagerproof/Features/Agents/Components/PrinterSlipAnimation.swift,missing,,,
wagerproof-mobile/components/agents/ThinkingAnimation.tsx,ThinkingAnimation,component,,,,wagerproof_ios_native/Wagerproof/Features/Agents/Components/ThinkingAnimation.swift,missing,,,
wagerproof-mobile/components/agents/TopAgentPicksFeed.tsx,TopAgentPicksFeed,component,,,,wagerproof_ios_native/Wagerproof/Features/Agents/Components/TopAgentPicksFeed.swift,missing,,,
wagerproof-mobile/components/agents/creation/AgentBornCreationCelebration.tsx,AgentBornCreationCelebration,component,,,,wagerproof_ios_native/Wagerproof/Features/Agents/Components/AgentBornCreationCelebration.swift,missing,,,
wagerproof-mobile/components/agents/creation/AgentCreationGenerationIntro.tsx,AgentCreationGenerationIntro,component,,,,wagerproof_ios_native/Wagerproof/Features/Agents/Components/AgentCreationGenerationIntro.swift,missing,,,
wagerproof-mobile/components/agents/creation/Screen1_SportArchetype.tsx,Screen1_SportArchetype,component,,,,wagerproof_ios_native/Wagerproof/Features/Agents/Components/Screen1SportArchetype.swift,missing,,,
wagerproof-mobile/components/agents/creation/Screen2_Identity.tsx,Screen2_Identity,component,,,,wagerproof_ios_native/Wagerproof/Features/Agents/Components/Screen2Identity.swift,missing,,,
wagerproof-mobile/components/agents/creation/Screen3_Personality.tsx,Screen3_Personality,component,,,,wagerproof_ios_native/Wagerproof/Features/Agents/Components/Screen3Personality.swift,missing,,,
wagerproof-mobile/components/agents/creation/Screen4_DataAndConditions.tsx,Screen4_DataAndConditions,component,,,,wagerproof_ios_native/Wagerproof/Features/Agents/Components/Screen4DataAndConditions.swift,missing,,,
wagerproof-mobile/components/agents/creation/Screen5_CustomInsights.tsx,Screen5_CustomInsights,component,,,,wagerproof_ios_native/Wagerproof/Features/Agents/Components/Screen5CustomInsights.swift,missing,,,
wagerproof-mobile/components/agents/creation/Screen6_Review.tsx,Screen6_Review,component,,,,wagerproof_ios_native/Wagerproof/Features/Agents/Components/Screen6Review.swift,missing,,,
wagerproof-mobile/components/agents/creation/index.ts,index,component,,,,wagerproof_ios_native/Wagerproof/Features/Agents/Components/Index.swift,missing,,,
wagerproof-mobile/components/agents/index.ts,index,component,,,,wagerproof_ios_native/Wagerproof/Features/Agents/Components/Index.swift,missing,,,
wagerproof-mobile/components/agents/inputs/ArchetypeCard.tsx,ArchetypeCard,component,,,,wagerproof_ios_native/Wagerproof/Features/Agents/Components/ArchetypeCard.swift,missing,,,
wagerproof-mobile/components/agents/inputs/OddsInput.tsx,OddsInput,component,,,,wagerproof_ios_native/Wagerproof/Features/Agents/Components/OddsInput.swift,missing,,,
wagerproof-mobile/components/agents/inputs/SliderInput.tsx,SliderInput,component,,,,wagerproof_ios_native/Wagerproof/Features/Agents/Components/SliderInput.swift,missing,,,
wagerproof-mobile/components/agents/inputs/SwipeableEmojiPicker.tsx,SwipeableEmojiPicker,component,,,,wagerproof_ios_native/Wagerproof/Features/Agents/Components/SwipeableEmojiPicker.swift,missing,,,
wagerproof-mobile/components/agents/inputs/ToggleInput.tsx,ToggleInput,component,,,,wagerproof_ios_native/Wagerproof/Features/Agents/Components/ToggleInput.swift,missing,,,
wagerproof-mobile/components/cfb/LineMovementSection.tsx,LineMovementSection,component,,,,wagerproof_ios_native/Wagerproof/Features/CFB/Components/LineMovementSection.swift,reviewed,B04 reviewer PASS — #033,b04-reviewer-2026-05-21,2026-05-21
wagerproof-mobile/components/cfb/PublicBettingBars.tsx,PublicBettingBars,component,,,,wagerproof_ios_native/Wagerproof/Features/CFB/Components/PublicBettingBars.swift,reviewed,B04 reviewer PASS,b04-reviewer-2026-05-21,2026-05-21
wagerproof-mobile/components/chat/AssistantActionRow.tsx,AssistantActionRow,component,,,,wagerproof_ios_native/Wagerproof/Features/Chat/Components/AssistantActionRow.swift,missing,,,
wagerproof-mobile/components/chat/ChatGameCard.tsx,ChatGameCard,component,,,,wagerproof_ios_native/Wagerproof/Features/Chat/Components/ChatGameCard.swift,missing,,,
wagerproof-mobile/components/chat/ChatGameCardList.tsx,ChatGameCardList,component,,,,wagerproof_ios_native/Wagerproof/Features/Chat/Components/ChatGameCardList.swift,missing,,,
wagerproof-mobile/components/chat/FollowUpPills.tsx,FollowUpPills,component,,,,wagerproof_ios_native/Wagerproof/Features/Chat/Components/FollowUpPills.swift,missing,,,
wagerproof-mobile/components/chat/MessageBubble.tsx,MessageBubble,component,,,,wagerproof_ios_native/Wagerproof/Features/Chat/Components/MessageBubble.swift,missing,,,
wagerproof-mobile/components/chat/ShimmerText.tsx,ShimmerText,component,,,,wagerproof_ios_native/Wagerproof/Features/Chat/Components/ShimmerText.swift,missing,,,
wagerproof-mobile/components/chat/StreamingText.tsx,StreamingText,component,,,,wagerproof_ios_native/Wagerproof/Features/Chat/Components/StreamingText.swift,missing,,,
wagerproof-mobile/components/chat/ThinkingBlockView.tsx,ThinkingBlockView,component,,,,wagerproof_ios_native/Wagerproof/Features/Chat/Components/ThinkingBlockView.swift,missing,,,
wagerproof-mobile/components/chat/ThinkingIndicator.tsx,ThinkingIndicator,component,,,,wagerproof_ios_native/Wagerproof/Features/Chat/Components/ThinkingIndicator.swift,missing,,,
wagerproof-mobile/components/chat/ThinkingSpritePicker.tsx,ThinkingSpritePicker,component,,,,wagerproof_ios_native/Wagerproof/Features/Chat/Components/ThinkingSpritePicker.swift,missing,,,
wagerproof-mobile/components/chat/ToolCallsPill.tsx,ToolCallsPill,component,,,,wagerproof_ios_native/Wagerproof/Features/Chat/Components/ToolCallsPill.swift,missing,,,
wagerproof-mobile/components/chat/widgets/ChatBettingTrendsWidget.tsx,ChatBettingTrendsWidget,component,,,,wagerproof_ios_native/Wagerproof/Features/Chat/Components/ChatBettingTrendsWidget.swift,missing,,,
wagerproof-mobile/components/chat/widgets/ChatInjuryWidget.tsx,ChatInjuryWidget,component,,,,wagerproof_ios_native/Wagerproof/Features/Chat/Components/ChatInjuryWidget.swift,missing,,,
wagerproof-mobile/components/chat/widgets/ChatMatchupWidget.tsx,ChatMatchupWidget,component,,,,wagerproof_ios_native/Wagerproof/Features/Chat/Components/ChatMatchupWidget.swift,missing,,,
wagerproof-mobile/components/chat/widgets/ChatModelProjectionWidget.tsx,ChatModelProjectionWidget,component,,,,wagerproof_ios_native/Wagerproof/Features/Chat/Components/ChatModelProjectionWidget.swift,missing,,,
wagerproof-mobile/components/chat/widgets/ChatPolymarketWidget.tsx,ChatPolymarketWidget,component,,,,wagerproof_ios_native/Wagerproof/Features/Chat/Components/ChatPolymarketWidget.swift,missing,,,
wagerproof-mobile/components/chat/widgets/ChatPublicBettingWidget.tsx,ChatPublicBettingWidget,component,,,,wagerproof_ios_native/Wagerproof/Features/Chat/Components/ChatPublicBettingWidget.swift,missing,,,
wagerproof-mobile/components/chat/widgets/ChatWeatherWidget.tsx,ChatWeatherWidget,component,,,,wagerproof_ios_native/Wagerproof/Features/Chat/Components/ChatWeatherWidget.swift,missing,,,
wagerproof-mobile/components/chat/widgets/ChatWidgetList.tsx,ChatWidgetList,component,,,,wagerproof_ios_native/Wagerproof/Features/Chat/Components/ChatWidgetList.swift,missing,,,
wagerproof-mobile/components/chat/widgets/ChatWidgetRenderer.tsx,ChatWidgetRenderer,component,,,,wagerproof_ios_native/Wagerproof/Features/Chat/Components/ChatWidgetRenderer.swift,missing,,,
wagerproof-mobile/components/learn-wagerproof/LearnSlide.tsx,LearnSlide,component,,,,wagerproof_ios_native/Wagerproof/Features/LearnMore/Components/LearnSlide.swift,candidate,B21 ported to Features/LearnMore/Components/LearnSlide.swift,,
wagerproof-mobile/components/learn-wagerproof/SlideProgressIndicator.tsx,SlideProgressIndicator,component,,,,wagerproof_ios_native/Wagerproof/Features/LearnMore/Components/SlideProgressIndicator.swift,candidate,B21 ported to Features/LearnMore/Components/SlideProgressIndicator.swift,,
wagerproof-mobile/components/learn-wagerproof/slides/Slide1_Create247Agent.tsx,Slide1_Create247Agent,component,,,,wagerproof_ios_native/Wagerproof/Features/LearnMore/Components/Slide1Create247Agent.swift,candidate,B21 ported to Features/LearnMore/Components/Slide1_Create247Agent.swift; waiver #063 (Lottie),,
wagerproof-mobile/components/learn-wagerproof/slides/Slide1_GameCards.tsx,Slide1_GameCards,component,,,,wagerproof_ios_native/Wagerproof/Features/LearnMore/Components/Slide1GameCards.swift,candidate,B21 ported to Features/LearnMore/Components/Slide1_GameCards.swift,,
wagerproof-mobile/components/learn-wagerproof/slides/Slide2_GameDetails.tsx,Slide2_GameDetails,component,,,,wagerproof_ios_native/Wagerproof/Features/LearnMore/Components/Slide2GameDetails.swift,candidate,B21 ported to Features/LearnMore/Components/Slide2_GameDetails.swift,,
wagerproof-mobile/components/learn-wagerproof/slides/Slide3_WagerBot.tsx,Slide3_WagerBot,component,,,,wagerproof_ios_native/Wagerproof/Features/LearnMore/Components/Slide3WagerBot.swift,candidate,B21 ported to Features/LearnMore/Components/Slide3_WagerBot.swift,,
wagerproof-mobile/components/learn-wagerproof/slides/Slide4_EditorPicks.tsx,Slide4_EditorPicks,component,,,,wagerproof_ios_native/Wagerproof/Features/LearnMore/Components/Slide4EditorPicks.swift,candidate,B21 RN dead code; not exported from slides/index.ts and not referenced in SLIDES — intentionally not ported,,
wagerproof-mobile/components/learn-wagerproof/slides/Slide5_Outliers.tsx,Slide5_Outliers,component,,,,wagerproof_ios_native/Wagerproof/Features/LearnMore/Components/Slide5Outliers.swift,candidate,B21 ported to Features/LearnMore/Components/Slide5_Outliers.swift,,
wagerproof-mobile/components/learn-wagerproof/slides/Slide6_MoreFeatures.tsx,Slide6_MoreFeatures,component,,,,wagerproof_ios_native/Wagerproof/Features/LearnMore/Components/Slide6MoreFeatures.swift,candidate,B21 ported to Features/LearnMore/Components/Slide6_MoreFeatures.swift,,
wagerproof-mobile/components/learn-wagerproof/slides/index.ts,index,component,,,,wagerproof_ios_native/Wagerproof/Features/LearnMore/Components/Index.swift,candidate,B21 barrel-export collapsed; Swift uses module-internal types,,
wagerproof-mobile/components/mlb/MLBBettingTrendsBanner.tsx,MLBBettingTrendsBanner,component,,,,wagerproof_ios_native/Wagerproof/Features/MLB/Components/MLBBettingTrendsBanner.swift,missing,,,
wagerproof-mobile/components/mlb/MLBBettingTrendsMatchupCard.tsx,MLBBettingTrendsMatchupCard,component,,,,wagerproof_ios_native/Wagerproof/Features/MLB/Components/MLBBettingTrendsMatchupCard.swift,missing,,,
wagerproof-mobile/components/mlb/MLBRegressionPicksSection.tsx,MLBRegressionPicksSection,component,,,,wagerproof_ios_native/Wagerproof/Features/MLB/Components/MLBRegressionPicksSection.swift,missing,,,
wagerproof-mobile/components/mlb/MLBRegressionReportBanner.tsx,MLBRegressionReportBanner,component,,,,wagerproof_ios_native/Wagerproof/Features/MLB/Components/MLBRegressionReportBanner.swift,missing,,,
wagerproof-mobile/components/mlb/MLBTrendsSituationSection.tsx,MLBTrendsSituationSection,component,,,,wagerproof_ios_native/Wagerproof/Features/MLB/Components/MLBTrendsSituationSection.swift,missing,,,
wagerproof-mobile/components/nba/BettingTrendsBanner.tsx,BettingTrendsBanner,component,,,,wagerproof_ios_native/Wagerproof/Features/NBA/Components/BettingTrendsBanner.swift,missing,,,
wagerproof-mobile/components/nba/BettingTrendsMatchupCard.tsx,BettingTrendsMatchupCard,component,,,,wagerproof_ios_native/Wagerproof/Features/NBA/Components/BettingTrendsMatchupCard.swift,missing,,,
wagerproof-mobile/components/nba/InjuryReportWidget.tsx,InjuryReportWidget,component,,,,wagerproof_ios_native/Wagerproof/Features/NBA/Components/InjuryReportWidget.swift,missing,,,
wagerproof-mobile/components/nba/ModelAccuracyBanner.tsx,ModelAccuracyBanner,component,,,,wagerproof_ios_native/Wagerproof/Features/NBA/Components/ModelAccuracyBanner.swift,missing,,,
wagerproof-mobile/components/nba/ModelAccuracyMatchupCard.tsx,ModelAccuracyMatchupCard,component,,,,wagerproof_ios_native/Wagerproof/Features/NBA/Components/ModelAccuracyMatchupCard.swift,missing,,,
wagerproof-mobile/components/nba/RecentTrendsWidget.tsx,RecentTrendsWidget,component,,,,wagerproof_ios_native/Wagerproof/Features/NBA/Components/RecentTrendsWidget.swift,missing,,,
wagerproof-mobile/components/nba/TrendsSituationSection.tsx,TrendsSituationSection,component,,,,wagerproof_ios_native/Wagerproof/Features/NBA/Components/TrendsSituationSection.swift,missing,,,
wagerproof-mobile/components/ncaab/BettingTrendsBanner.tsx,BettingTrendsBanner,component,,,,wagerproof_ios_native/Wagerproof/Features/NCAAB/Components/BettingTrendsBanner.swift,missing,,,
wagerproof-mobile/components/ncaab/BettingTrendsMatchupCard.tsx,BettingTrendsMatchupCard,component,,,,wagerproof_ios_native/Wagerproof/Features/NCAAB/Components/BettingTrendsMatchupCard.swift,missing,,,
wagerproof-mobile/components/ncaab/ModelAccuracyBanner.tsx,ModelAccuracyBanner,component,,,,wagerproof_ios_native/Wagerproof/Features/NCAAB/Components/ModelAccuracyBanner.swift,missing,,,
wagerproof-mobile/components/ncaab/ModelAccuracyMatchupCard.tsx,ModelAccuracyMatchupCard,component,,,,wagerproof_ios_native/Wagerproof/Features/NCAAB/Components/ModelAccuracyMatchupCard.swift,missing,,,
wagerproof-mobile/components/ncaab/TrendsSituationSection.tsx,TrendsSituationSection,component,,,,wagerproof_ios_native/Wagerproof/Features/NCAAB/Components/TrendsSituationSection.swift,missing,,,
wagerproof-mobile/components/nfl/H2HSection.tsx,H2HSection,component,,,,wagerproof_ios_native/Wagerproof/Features/NFL/Components/H2HSection.swift,missing,,,
wagerproof-mobile/components/nfl/LineMovementSection.tsx,LineMovementSection,component,,,,wagerproof_ios_native/Wagerproof/Features/NFL/Components/LineMovementSection.swift,missing,,,
wagerproof-mobile/components/nfl/PublicBettingBars.tsx,PublicBettingBars,component,,,,wagerproof_ios_native/Wagerproof/Features/NFL/Components/PublicBettingBars.swift,missing,,,
wagerproof-mobile/components/onboarding/DemoScanButton.tsx,DemoScanButton,component,,,,wagerproof_ios_native/Wagerproof/Features/Onboarding/Components/DemoScanButton.swift,missing,,,
wagerproof-mobile/components/onboarding/DemoScanWaveAnimation.tsx,DemoScanWaveAnimation,component,,,,wagerproof_ios_native/Wagerproof/Features/Onboarding/Components/DemoScanWaveAnimation.swift,missing,,,
wagerproof-mobile/components/onboarding/ProgressIndicator.tsx,ProgressIndicator,component,,,,wagerproof_ios_native/Wagerproof/Features/Onboarding/Components/ProgressIndicator.swift,reviewed,b02 — OnboardingProgressIndicator.swift,b02-reviewer-2026-05-20,2026-05-20
wagerproof-mobile/components/onboarding/PulsingBorder.tsx,PulsingBorder,component,,,,wagerproof_ios_native/Wagerproof/Features/Onboarding/Components/PulsingBorder.swift,missing,,,
wagerproof-mobile/components/onboarding/onboardingStyles.ts,onboardingStyles,component,,,,wagerproof_ios_native/Wagerproof/Features/Onboarding/Components/OnboardingStyles.swift,reviewed,b02 — OnboardingCTA.swift,b02-reviewer-2026-05-20,2026-05-20
wagerproof-mobile/components/onboarding/steps/AgentAccessScreen.tsx,AgentAccessScreen,component,,,,wagerproof_ios_native/Wagerproof/Features/Onboarding/Components/AgentAccessScreen.swift,missing,,,
wagerproof-mobile/components/onboarding/steps/AgentBuilderTransition.tsx,AgentBuilderTransition,component,,,,wagerproof_ios_native/Wagerproof/Features/Onboarding/Components/AgentBuilderTransition.swift,missing,,,
wagerproof-mobile/components/onboarding/steps/AgentValue1_247.tsx,AgentValue1_247,component,,,,wagerproof_ios_native/Wagerproof/Features/Onboarding/Components/AgentValue1247.swift,reviewed,b02 — OnboardingAgentValueViews.swift; PixelOffice #001,b02-reviewer-2026-05-20,2026-05-20
wagerproof-mobile/components/onboarding/steps/AgentValue2_VirtualAssistant.tsx,AgentValue2_VirtualAssistant,component,,,,wagerproof_ios_native/Wagerproof/Features/Onboarding/Components/AgentValue2VirtualAssistant.swift,reviewed,b02 — OnboardingAgentValueViews.swift,b02-reviewer-2026-05-20,2026-05-20
wagerproof-mobile/components/onboarding/steps/AgentValue3_MultipleStrategies.tsx,AgentValue3_MultipleStrategies,component,,,,wagerproof_ios_native/Wagerproof/Features/Onboarding/Components/AgentValue3MultipleStrategies.swift,reviewed,b02 — OnboardingAgentValueViews.swift,b02-reviewer-2026-05-20,2026-05-20
wagerproof-mobile/components/onboarding/steps/AgentValue4_Leaderboard.tsx,AgentValue4_Leaderboard,component,,,,wagerproof_ios_native/Wagerproof/Features/Onboarding/Components/AgentValue4Leaderboard.swift,reviewed,b02 — OnboardingAgentValueViews.swift,b02-reviewer-2026-05-20,2026-05-20
wagerproof-mobile/components/onboarding/steps/AgentValueScreen.tsx,AgentValueScreen,component,,,,wagerproof_ios_native/Wagerproof/Features/Onboarding/Components/AgentValueScreen.swift,reviewed,b02 — AgentValueScaffold private subview,b02-reviewer-2026-05-20,2026-05-20
wagerproof-mobile/components/onboarding/steps/OnboardingAgentBuilder.tsx,OnboardingAgentBuilder,component,,,,wagerproof_ios_native/Wagerproof/Features/Onboarding/Components/OnboardingAgentBuilder.swift,reviewed,b02 — OnboardingAgentBuilderView.swift; #025,b02-reviewer-2026-05-20,2026-05-20
wagerproof-mobile/components/onboarding/steps/Step10_DiscordCommunity.tsx,Step10_DiscordCommunity,component,,,,wagerproof_ios_native/Wagerproof/Features/Onboarding/Components/Step10DiscordCommunity.swift,missing,,,
wagerproof-mobile/components/onboarding/steps/Step10_ValueClaim.tsx,Step10_ValueClaim,component,,,,wagerproof_ios_native/Wagerproof/Features/Onboarding/Components/Step10ValueClaim.swift,reviewed,b02 — OnboardingValueClaimView.swift,b02-reviewer-2026-05-20,2026-05-20
wagerproof-mobile/components/onboarding/steps/Step11_Methodology1.tsx,Step11_Methodology1,component,,,,wagerproof_ios_native/Wagerproof/Features/Onboarding/Components/Step11Methodology1.swift,missing,,,
wagerproof-mobile/components/onboarding/steps/Step12_Methodology2.tsx,Step12_Methodology2,component,,,,wagerproof_ios_native/Wagerproof/Features/Onboarding/Components/Step12Methodology2.swift,missing,,,
wagerproof-mobile/components/onboarding/steps/Step13_AcquisitionSource.tsx,Step13_AcquisitionSource,component,,,,wagerproof_ios_native/Wagerproof/Features/Onboarding/Components/Step13AcquisitionSource.swift,reviewed,b02 — OnboardingAcquisitionView.swift,b02-reviewer-2026-05-20,2026-05-20
wagerproof-mobile/components/onboarding/steps/Step14_DataTransparency.tsx,Step14_DataTransparency,component,,,,wagerproof_ios_native/Wagerproof/Features/Onboarding/Components/Step14DataTransparency.swift,reviewed,b02 — OnboardingDataTransparencyView.swift,b02-reviewer-2026-05-20,2026-05-20
wagerproof-mobile/components/onboarding/steps/Step15_EarlyAccess.tsx,Step15_EarlyAccess,component,,,,wagerproof_ios_native/Wagerproof/Features/Onboarding/Components/Step15EarlyAccess.swift,missing,,,
wagerproof-mobile/components/onboarding/steps/Step16_Paywall.tsx,Step16_Paywall,component,,,,wagerproof_ios_native/Wagerproof/Features/Onboarding/Components/Step16Paywall.swift,missing,,,
wagerproof-mobile/components/onboarding/steps/Step16_RevenueCatPaywall.tsx,Step16_RevenueCatPaywall,component,,,,wagerproof_ios_native/Wagerproof/Features/Onboarding/Components/Step16RevenueCatPaywall.swift,missing,,,
wagerproof-mobile/components/onboarding/steps/Step1_PersonalizationIntro.tsx,Step1_PersonalizationIntro,component,,,,wagerproof_ios_native/Wagerproof/Features/Onboarding/Components/Step1PersonalizationIntro.swift,reviewed,b02 — OnboardingPersonalizationIntroView.swift; #029,b02-reviewer-2026-05-20,2026-05-20
wagerproof-mobile/components/onboarding/steps/Step1b_TermsAcceptance.tsx,Step1b_TermsAcceptance,component,,,,wagerproof_ios_native/Wagerproof/Features/Onboarding/Components/Step1bTermsAcceptance.swift,reviewed,b02 — OnboardingTermsView.swift,b02-reviewer-2026-05-20,2026-05-20
wagerproof-mobile/components/onboarding/steps/Step2_SportsSelection.tsx,Step2_SportsSelection,component,,,,wagerproof_ios_native/Wagerproof/Features/Onboarding/Components/Step2SportsSelection.swift,reviewed,b02 — OnboardingSportsView.swift,b02-reviewer-2026-05-20,2026-05-20
wagerproof-mobile/components/onboarding/steps/Step3_AgeConfirmation.tsx,Step3_AgeConfirmation,component,,,,wagerproof_ios_native/Wagerproof/Features/Onboarding/Components/Step3AgeConfirmation.swift,reviewed,b02 — OnboardingAgeView.swift,b02-reviewer-2026-05-20,2026-05-20
wagerproof-mobile/components/onboarding/steps/Step4_BettorType.tsx,Step4_BettorType,component,,,,wagerproof_ios_native/Wagerproof/Features/Onboarding/Components/Step4BettorType.swift,reviewed,b02 — OnboardingBettorTypeView.swift,b02-reviewer-2026-05-20,2026-05-20
wagerproof-mobile/components/onboarding/steps/Step5_PrimaryGoal.tsx,Step5_PrimaryGoal,component,,,,wagerproof_ios_native/Wagerproof/Features/Onboarding/Components/Step5PrimaryGoal.swift,reviewed,b02 — OnboardingPrimaryGoalView.swift,b02-reviewer-2026-05-20,2026-05-20
wagerproof-mobile/components/onboarding/steps/Step6_FeatureSpotlight.tsx,Step6_FeatureSpotlight,component,,,,wagerproof_ios_native/Wagerproof/Features/Onboarding/Components/Step6FeatureSpotlight.swift,reviewed,b02 — OnboardingFeatureSpotlightView.swift; #028,b02-reviewer-2026-05-20,2026-05-20
wagerproof-mobile/components/onboarding/steps/Step7_CompetitorComparison.tsx,Step7_CompetitorComparison,component,,,,wagerproof_ios_native/Wagerproof/Features/Onboarding/Components/Step7CompetitorComparison.swift,missing,,,
wagerproof-mobile/components/onboarding/steps/Step8_EmailOptIn.tsx,Step8_EmailOptIn,component,,,,wagerproof_ios_native/Wagerproof/Features/Onboarding/Components/Step8EmailOptIn.swift,missing,,,
wagerproof-mobile/components/onboarding/steps/Step9_SocialProof.tsx,Step9_SocialProof,component,,,,wagerproof_ios_native/Wagerproof/Features/Onboarding/Components/Step9SocialProof.swift,missing,,,
wagerproof-mobile/components/onboarding/steps/StepAgentBorn.tsx,StepAgentBorn,component,,,,wagerproof_ios_native/Wagerproof/Features/Onboarding/Components/StepAgentBorn.swift,reviewed,b02 — AgentBornView.swift; #026,b02-reviewer-2026-05-20,2026-05-20
wagerproof-mobile/components/onboarding/steps/StepAgentGeneration.tsx,StepAgentGeneration,component,,,,wagerproof_ios_native/Wagerproof/Features/Onboarding/Components/StepAgentGeneration.swift,reviewed,b02 — AgentGenerationView.swift,b02-reviewer-2026-05-20,2026-05-20
wagerproof-mobile/components/onboarding/steps/StepFeedback.tsx,StepFeedback,component,,,,wagerproof_ios_native/Wagerproof/Features/Onboarding/Components/StepFeedback.swift,missing,,,
wagerproof-mobile/components/roast/RoastIntensitySelector.tsx,RoastIntensitySelector,component,,,,wagerproof_ios_native/Wagerproof/Features/Roast/Components/RoastIntensitySelector.swift,reviewed,B19 reviewer PASS — RoastIntensitySelectorView.swift,b19-reviewer-2026-05-20,2026-05-21
wagerproof-mobile/components/roast/RoastMicButton.tsx,RoastMicButton,component,,,,wagerproof_ios_native/Wagerproof/Features/Roast/Components/RoastMicButton.swift,reviewed,B19 reviewer PASS — RoastMicButtonView.swift,b19-reviewer-2026-05-20,2026-05-21
wagerproof-mobile/components/roast/RoastScreen.tsx,RoastScreen,component,,,,wagerproof_ios_native/Wagerproof/Features/Roast/Components/RoastScreen.swift,reviewed,B19 reviewer PASS — RoastView.swift,b19-reviewer-2026-05-20,2026-05-21
wagerproof-mobile/components/ui/AuthContainer.tsx,AuthContainer,component,,,,wagerproof_ios_native/Wagerproof/Features/DesignSystem/Components/AuthContainer.swift,missing,,,
wagerproof-mobile/components/ui/Button.tsx,Button,component,,,,wagerproof_ios_native/Wagerproof/Features/DesignSystem/Components/Button.swift,missing,,,
wagerproof-mobile/components/ui/Card.tsx,Card,component,,,,wagerproof_ios_native/Wagerproof/Features/DesignSystem/Components/Card.swift,missing,,,
wagerproof-mobile/components/ui/TextInput.tsx,TextInput,component,,,,wagerproof_ios_native/Wagerproof/Features/DesignSystem/Components/TextInput.swift,missing,,,
wagerproof-mobile/components/ui/index.ts,index,component,,,,wagerproof_ios_native/Wagerproof/Features/DesignSystem/Components/Index.swift,missing,,,
wagerproof-mobile/config/wagerBotPrompts.ts,wagerBotPrompts,config,,,,wagerproof_ios_native/WagerproofKit/Sources/WagerproofKit/Configuration/WagerBotPrompts.swift,missing,,,
wagerproof-mobile/constants/auth.ts,auth,constant,,,,wagerproof_ios_native/WagerproofKit/Sources/WagerproofDesign/Constants/Auth.swift,missing,,,
wagerproof-mobile/constants/mlbTeams.ts,mlbTeams,constant,,,,wagerproof_ios_native/WagerproofKit/Sources/WagerproofDesign/Constants/MlbTeams.swift,missing,,,
wagerproof-mobile/constants/teamColors.ts,teamColors,constant,,,,wagerproof_ios_native/WagerproofKit/Sources/WagerproofDesign/Constants/TeamColors.swift,missing,,,
wagerproof-mobile/constants/theme.ts,theme,constant,,,,wagerproof_ios_native/WagerproofKit/Sources/WagerproofDesign/Constants/Theme.swift,missing,,,
wagerproof-mobile/hooks/useAgentEntitlements.ts,useAgentEntitlements,hook,,,,wagerproof_ios_native/WagerproofKit/Sources/WagerproofStores/Hooks/AgentEntitlements.swift,missing,,,
wagerproof-mobile/hooks/useAgentPicks.ts,useAgentPicks,hook,,,,wagerproof_ios_native/WagerproofKit/Sources/WagerproofStores/Hooks/AgentPicks.swift,missing,,,
wagerproof-mobile/hooks/useAgentV2DebugSettings.ts,useAgentV2DebugSettings,hook,,,,wagerproof_ios_native/WagerproofKit/Sources/WagerproofStores/Hooks/AgentV2DebugSettings.swift,missing,,,
wagerproof-mobile/hooks/useAgentV2Flags.ts,useAgentV2Flags,hook,,,,wagerproof_ios_native/WagerproofKit/Sources/WagerproofStores/Hooks/AgentV2Flags.swift,missing,,,
wagerproof-mobile/hooks/useAgents.ts,useAgents,hook,,,,wagerproof_ios_native/WagerproofKit/Sources/WagerproofStores/Hooks/Agents.swift,missing,,,
wagerproof-mobile/hooks/useAppReady.ts,useAppReady,hook,,,,wagerproof_ios_native/WagerproofKit/Sources/WagerproofStores/Hooks/AppReady.swift,missing,,,
wagerproof-mobile/hooks/useBettingTrendsForGame.ts,useBettingTrendsForGame,hook,,"from:nba_game_situational_trends,nba_game_situational_trends_today,ncaab_game_situational_trends,ncaab_game_situational_trends_today",,wagerproof_ios_native/WagerproofKit/Sources/WagerproofStores/Hooks/BettingTrendsForGame.swift,missing,,,
wagerproof-mobile/hooks/useFollowedAgents.ts,useFollowedAgents,hook,,"from:avatar_profiles,user_avatar_follows",,wagerproof_ios_native/WagerproofKit/Sources/WagerproofStores/Hooks/FollowedAgents.swift,missing,,,
wagerproof-mobile/hooks/useFullGameLookup.ts,useFullGameLookup,hook,,,,wagerproof_ios_native/WagerproofKit/Sources/WagerproofStores/Hooks/FullGameLookup.swift,missing,,,
wagerproof-mobile/hooks/useGameLookup.ts,useGameLookup,hook,,,,wagerproof_ios_native/WagerproofKit/Sources/WagerproofStores/Hooks/GameLookup.swift,missing,,,
wagerproof-mobile/hooks/useGameSheetDetection.ts,useGameSheetDetection,hook,,,,wagerproof_ios_native/WagerproofKit/Sources/WagerproofStores/Hooks/GameSheetDetection.swift,missing,,,
wagerproof-mobile/hooks/useImageColors.ts,useImageColors,hook,,,,wagerproof_ios_native/WagerproofKit/Sources/WagerproofStores/Hooks/ImageColors.swift,missing,,,
wagerproof-mobile/hooks/useIsAdmin.ts,useIsAdmin,hook,,rpc:has_role,,wagerproof_ios_native/WagerproofKit/Sources/WagerproofStores/Hooks/IsAdmin.swift,candidate,B08 ported into AdminModeStore.checkRole(for:),,
wagerproof-mobile/hooks/useLeaderboard.ts,useLeaderboard,hook,,,,wagerproof_ios_native/WagerproofKit/Sources/WagerproofStores/Hooks/Leaderboard.swift,missing,,,
wagerproof-mobile/hooks/useLiveScores.ts,useLiveScores,hook,,,,wagerproof_ios_native/WagerproofKit/Sources/WagerproofStores/Hooks/LiveScores.swift,reviewed,B07 reviewer PASS — ported to LiveScoresStore,b07-reviewer-2026-05-20,2026-05-20
wagerproof-mobile/hooks/useMLBBettingTrends.ts,useMLBBettingTrends,hook,,"from:mlb_games_today,mlb_situational_trends,mlb_situational_trends_today",,wagerproof_ios_native/WagerproofKit/Sources/WagerproofStores/Hooks/MLBBettingTrends.swift,missing,,,
wagerproof-mobile/hooks/useMLBBucketAccuracy.ts,useMLBBucketAccuracy,hook,,from:mlb_model_bucket_accuracy,,wagerproof_ios_native/WagerproofKit/Sources/WagerproofStores/Hooks/MLBBucketAccuracy.swift,missing,,,
wagerproof-mobile/hooks/useMLBRegressionReport.ts,useMLBRegressionReport,hook,,from:mlb_regression_report,,wagerproof_ios_native/WagerproofKit/Sources/WagerproofStores/Hooks/MLBRegressionReport.swift,missing,,,
wagerproof-mobile/hooks/useModelAccuracyForGame.ts,useModelAccuracyForGame,hook,,"from:nba_todays_games_predictions_with_accuracy,ncaab_edge_accuracy_by_bucket,ncaab_predictions,ncaab_team_mapping,v_cbb_input_values",,wagerproof_ios_native/WagerproofKit/Sources/WagerproofStores/Hooks/ModelAccuracyForGame.swift,missing,,,
wagerproof-mobile/hooks/useNBABettingTrends.ts,useNBABettingTrends,hook,,"from:nba_game_situational_trends,nba_game_situational_trends_today,nba_input_values_view",,wagerproof_ios_native/WagerproofKit/Sources/WagerproofStores/Hooks/NBABettingTrends.swift,missing,,,
wagerproof-mobile/hooks/useNBAMatchupOverview.ts,useNBAMatchupOverview,hook,,"from:nba_injury_report,nba_input_values_view",,wagerproof_ios_native/WagerproofKit/Sources/WagerproofStores/Hooks/NBAMatchupOverview.swift,missing,,,
wagerproof-mobile/hooks/useNBAModelAccuracy.ts,useNBAModelAccuracy,hook,,from:nba_todays_games_predictions_with_accuracy,,wagerproof_ios_native/WagerproofKit/Sources/WagerproofStores/Hooks/NBAModelAccuracy.swift,missing,,,
wagerproof-mobile/hooks/useNCAABBettingTrends.ts,useNCAABBettingTrends,hook,,"from:ncaab_game_situational_trends,ncaab_game_situational_trends_today,ncaab_team_mapping,v_cbb_input_values",,wagerproof_ios_native/WagerproofKit/Sources/WagerproofStores/Hooks/NCAABBettingTrends.swift,candidate,B11 folded into NCAABBettingTrendsStore,,
wagerproof-mobile/hooks/useNCAABModelAccuracy.ts,useNCAABModelAccuracy,hook,,"from:ncaab_edge_accuracy_by_bucket,ncaab_predictions,ncaab_team_mapping,v_cbb_input_values",,wagerproof_ios_native/WagerproofKit/Sources/WagerproofStores/Hooks/NCAABModelAccuracy.swift,candidate,B11 folded into NCAABModelAccuracyStore,,
wagerproof-mobile/hooks/useNCAABTeamMapping.ts,useNCAABTeamMapping,hook,,from:ncaab_team_mapping,,wagerproof_ios_native/WagerproofKit/Sources/WagerproofStores/Hooks/NCAABTeamMapping.swift,candidate,B11 folded into NCAABTeamMappingStore,,
wagerproof-mobile/hooks/useNetworkState.ts,useNetworkState,hook,,,,wagerproof_ios_native/WagerproofKit/Sources/WagerproofStores/Hooks/NetworkState.swift,missing,,,
wagerproof-mobile/hooks/usePlacementOffering.ts,usePlacementOffering,hook,,,,wagerproof_ios_native/WagerproofKit/Sources/WagerproofStores/Hooks/PlacementOffering.swift,missing,,,
wagerproof-mobile/hooks/usePresetArchetypes.ts,usePresetArchetypes,hook,,,,wagerproof_ios_native/WagerproofKit/Sources/WagerproofStores/Hooks/PresetArchetypes.swift,missing,,,
wagerproof-mobile/hooks/useProAccess.ts,useProAccess,hook,,,,wagerproof_ios_native/WagerproofKit/Sources/WagerproofStores/Hooks/ProAccess.swift,candidate,B08 ported to WagerproofStores/ProAccessStore.swift,,
wagerproof-mobile/hooks/useRoastSession.ts,useRoastSession,hook,,,,wagerproof_ios_native/WagerproofKit/Sources/WagerproofStores/Hooks/RoastSession.swift,reviewed,B19 reviewer PASS — WagerproofStores/RoastSessionStore.swift (#061 driver deferred),b19-reviewer-2026-05-20,2026-05-21
wagerproof-mobile/hooks/useThinkingSprite.ts,useThinkingSprite,hook,,,,wagerproof_ios_native/WagerproofKit/Sources/WagerproofStores/Hooks/ThinkingSprite.swift,missing,,,
wagerproof-mobile/hooks/useTopAgentPicksFeed.ts,useTopAgentPicksFeed,hook,,,,wagerproof_ios_native/WagerproofKit/Sources/WagerproofStores/Hooks/TopAgentPicksFeed.swift,missing,,,
wagerproof-mobile/hooks/useTopAgentsWidgetSync.ts,useTopAgentsWidgetSync,hook,,,,wagerproof_ios_native/WagerproofKit/Sources/WagerproofStores/Hooks/TopAgentsWidgetSync.swift,missing,,,
wagerproof-mobile/hooks/useWagerBotVoice.ts,useWagerBotVoice,hook,,,,wagerproof_ios_native/WagerproofKit/Sources/WagerproofStores/Hooks/WagerBotVoice.swift,missing,,,
wagerproof-mobile/hooks/useWidgetDataSync.ts,useWidgetDataSync,hook,,,,wagerproof_ios_native/WagerproofKit/Sources/WagerproofStores/Hooks/WidgetDataSync.swift,missing,,,
wagerproof-mobile/app/(auth)/_layout.tsx,_layout,layout,[layout] ,,,wagerproof_ios_native/Wagerproof/Features/Auth/AuthRouter.swift,reviewed,B01 reviewer PASS — ported to Features/Auth/AuthRouter.swift,b01-reviewer-2026-05-20,2026-05-20
wagerproof-mobile/app/(drawer)/(tabs)/_layout.tsx,_layout,layout,[layout] ,,,wagerproof_ios_native/Wagerproof/Features/Misc/MiscRouter.swift,reviewed,B03 reviewer PASS — MainTabView native TabView + .sheet drawer,b03-reviewer-2026-05-20,2026-05-20
wagerproof-mobile/app/(drawer)/(tabs)/agents/_layout.tsx,_layout,layout,[layout] /agents,,,wagerproof_ios_native/Wagerproof/Features/Agents/AgentsRouter.swift,missing,,,
wagerproof-mobile/app/(drawer)/_layout.tsx,_layout,layout,[layout] ,,,wagerproof_ios_native/Wagerproof/Features/Misc/MiscRouter.swift,reviewed,B03 reviewer PASS — drawer collapsed into MainTabView + SideMenuSheet,b03-reviewer-2026-05-20,2026-05-20
wagerproof-mobile/app/(modals)/_layout.tsx,_layout,layout,[layout] ,,,wagerproof_ios_native/Wagerproof/Features/Modals/ModalsRouter.swift,candidate,B08 collapsed into SettingsView .sheet/.fullScreenCover,,
wagerproof-mobile/app/(onboarding)/_layout.tsx,_layout,layout,[layout] ,,,wagerproof_ios_native/Wagerproof/Features/Onboarding/OnboardingRouter.swift,reviewed,b02 — collapsed into RootView .onboarding,b02-reviewer-2026-05-20,2026-05-20
wagerproof-mobile/app/_layout.tsx,_layout,layout,[layout] ,,,wagerproof_ios_native/Wagerproof/Features/Misc/MiscRouter.swift,missing,,,
wagerproof-mobile/modules/audio-route/index.ts,index,module,,,,wagerproof_ios_native/Wagerproof/Modules/Index.swift,missing,,,
wagerproof-mobile/modules/audio-route/src/AudioRoute.ts,AudioRoute,module,,,,wagerproof_ios_native/Wagerproof/Modules/AudioRoute.swift,missing,,,
wagerproof-mobile/modules/widget-data-bridge/index.ts,index,module,,,,wagerproof_ios_native/Wagerproof/Modules/Index.swift,missing,,,
wagerproof-mobile/modules/widget-data-bridge/src/WidgetDataBridge.ts,WidgetDataBridge,module,,,,wagerproof_ios_native/Wagerproof/Modules/WidgetDataBridge.swift,missing,,,
wagerproof-mobile/buildship-responses-api.ts,buildship-responses-api,other,,,,wagerproof_ios_native/Wagerproof/Misc/BuildshipResponsesApi.swift,missing,,,
wagerproof-mobile/app/(auth)/email-login.tsx,email-login,screen,/email-login,,,wagerproof_ios_native/Wagerproof/Features/Auth/EmailLoginView.swift,reviewed,B01 reviewer PASS — waiver #004 tracked,b01-reviewer-2026-05-20,2026-05-20
wagerproof-mobile/app/(auth)/forgot-password.tsx,forgot-password,screen,/forgot-password,,,wagerproof_ios_native/Wagerproof/Features/Auth/ForgotPasswordView.swift,reviewed,B01 reviewer PASS — waiver #004 tracked,b01-reviewer-2026-05-20,2026-05-20
wagerproof-mobile/app/(auth)/login.tsx,login,screen,/login,http:http://127.0.0.1:7243/ingest/d951aa23-37db-46ab-80d8-615d2da9aa8b,,wagerproof_ios_native/Wagerproof/Features/Auth/LoginView.swift,reviewed,B01 reviewer PASS — waivers #001 #002 #003 tracked,b01-reviewer-2026-05-20,2026-05-20
wagerproof-mobile/app/(auth)/signup.tsx,signup,screen,/signup,,,wagerproof_ios_native/Wagerproof/Features/Auth/SignupView.swift,reviewed,B01 reviewer PASS — waiver #004 tracked,b01-reviewer-2026-05-20,2026-05-20
wagerproof-mobile/app/(drawer)/(tabs)/agents/[id]/index.tsx,index,screen,/agents/[id],,,wagerproof_ios_native/Wagerproof/Features/Agents/AgentDetailView.swift,missing,,,
wagerproof-mobile/app/(drawer)/(tabs)/agents/[id]/settings.tsx,settings,screen,/agents/[id]/settings,,,wagerproof_ios_native/Wagerproof/Features/Agents/AgentDetailSettingsView.swift,missing,,,
wagerproof-mobile/app/(drawer)/(tabs)/agents/create.tsx,create,screen,/agents/create,,,wagerproof_ios_native/Wagerproof/Features/Agents/AgentCreateView.swift,missing,,,
wagerproof-mobile/app/(drawer)/(tabs)/agents/index.tsx,index,screen,/agents,,,wagerproof_ios_native/Wagerproof/Features/Agents/AgentsView.swift,missing,,,
wagerproof-mobile/app/(drawer)/(tabs)/agents/public/[id].tsx,[id],screen,/agents/public/[id],from:user_avatar_follows,,wagerproof_ios_native/Wagerproof/Features/Agents/PublicDetailView.swift,missing,,,
wagerproof-mobile/app/(drawer)/(tabs)/chat.tsx,chat,screen,/chat,,,wagerproof_ios_native/Wagerproof/Features/Chat/ChatView.swift,missing,,,
wagerproof-mobile/app/(drawer)/(tabs)/feature-requests.tsx,feature-requests,screen,/feature-requests,"from:feature_request_votes,feature_requests,profiles",,wagerproof_ios_native/Wagerproof/Features/FeatureRequests/FeatureRequestsView.swift,reviewed,b09-reviewer-2026-05-20 signoff,b09-reviewer-2026-05-20,2026-05-20
wagerproof-mobile/app/(drawer)/(tabs)/index.tsx,index,screen,/,"from:cfb_api_predictions,cfb_live_weekly_inputs,mlb_game_signals,mlb_games_today,mlb_predictions_current,mlb_team_mapping,nba_input_values_view,nba_predictions,ncaab_predictions,ncaab_team_mapping,nfl_betting_lines,nfl_predictions_epa,production_weather,v_cbb_input_values,v_input_values_with_epa",,wagerproof_ios_native/Wagerproof/Features/Games/GamesView.swift,reviewed,B04 reviewer PASS — NBA/NCAAB/MLB placeholders #036/#030/#031,b04-reviewer-2026-05-21,2026-05-21
wagerproof-mobile/app/(drawer)/(tabs)/mlb-betting-trends.tsx,mlb-betting-trends,screen,/mlb-betting-trends,,,wagerproof_ios_native/Wagerproof/Features/Analytics/MlbBettingTrendsView.swift,missing,,,
wagerproof-mobile/app/(drawer)/(tabs)/mlb-regression-report.tsx,mlb-regression-report,screen,/mlb-regression-report,,,wagerproof_ios_native/Wagerproof/Features/Analytics/MlbRegressionReportView.swift,missing,,,
wagerproof-mobile/app/(drawer)/(tabs)/nba-betting-trends.tsx,nba-betting-trends,screen,/nba-betting-trends,,,wagerproof_ios_native/Wagerproof/Features/Analytics/NbaBettingTrendsView.swift,missing,,,
wagerproof-mobile/app/(drawer)/(tabs)/nba-model-accuracy.tsx,nba-model-accuracy,screen,/nba-model-accuracy,,,wagerproof_ios_native/Wagerproof/Features/Analytics/NbaModelAccuracyView.swift,missing,,,
wagerproof-mobile/app/(drawer)/(tabs)/ncaab-betting-trends.tsx,ncaab-betting-trends,screen,/ncaab-betting-trends,,,wagerproof_ios_native/Wagerproof/Features/Analytics/NcaabBettingTrendsView.swift,missing,,,
wagerproof-mobile/app/(drawer)/(tabs)/ncaab-model-accuracy.tsx,ncaab-model-accuracy,screen,/ncaab-model-accuracy,,,wagerproof_ios_native/Wagerproof/Features/Analytics/NcaabModelAccuracyView.swift,missing,,,
wagerproof-mobile/app/(drawer)/(tabs)/outliers.tsx,outliers,screen,/outliers,,,wagerproof_ios_native/Wagerproof/Features/Outliers/OutliersView.swift,reviewed,B06 reviewer PASS — waivers #019 #020 #021 #022 #023 #024 #062; follow-ups: parity screenshots + .searchable + ticket body cleanup in next polish pass,b06-reviewer-2026-05-20,2026-05-20
wagerproof-mobile/app/(drawer)/(tabs)/picks.tsx,picks,screen,/picks,"from:cfb_live_weekly_inputs,cfb_team_mapping,editors_picks,nba_input_values_view,ncaab_predictions,ncaab_team_mapping,nfl_betting_lines,v_cbb_input_values",,wagerproof_ios_native/Wagerproof/Features/Picks/PicksView.swift,reviewed,B05 reviewer PASS — waivers #008 #012 #013 #014 #015 #016,b05-reviewer-2026-05-20,2026-05-20
wagerproof-mobile/app/(drawer)/(tabs)/roast.tsx,roast,screen,/roast,,,wagerproof_ios_native/Wagerproof/Features/Roast/RoastView.swift,reviewed,B19 reviewer PASS (re-review) — waiver #061 Gemini Live driver deferred,b19-reviewer-2026-05-20,2026-05-21
wagerproof-mobile/app/(drawer)/(tabs)/scoreboard.tsx,scoreboard,screen,/scoreboard,,,wagerproof_ios_native/Wagerproof/Features/Scoreboard/ScoreboardView.swift,reviewed,B07 reviewer PASS — 3 ⚠️ waivers tracked (#009 #010 #011),b07-reviewer-2026-05-20,2026-05-20
wagerproof-mobile/app/(drawer)/(tabs)/settings.tsx,settings,screen,/settings,,,wagerproof_ios_native/Wagerproof/Features/Settings/SettingsView.swift,candidate,B08 ported to Features/Settings/SettingsView.swift; waivers #050 #052,,
wagerproof-mobile/app/(drawer)/(tabs)/voice-chat.tsx,voice-chat,screen,/voice-chat,,,wagerproof_ios_native/Wagerproof/Features/Chat/VoiceChatView.swift,missing,,,
wagerproof-mobile/app/(drawer)/editor-picks-stats.tsx,editor-picks-stats,screen,/editor-picks-stats,from:editors_picks,,wagerproof_ios_native/Wagerproof/Features/EditorPicks/EditorPicksStatsView.swift,missing,,,
wagerproof-mobile/app/(drawer)/settings.tsx,settings,screen,/settings,,,wagerproof_ios_native/Wagerproof/Features/Settings/SettingsView.swift,candidate,B08 collapsed into tab routing,,
wagerproof-mobile/app/(drawer)/wagerbot-chat.tsx,wagerbot-chat,screen,/wagerbot-chat,,,wagerproof_ios_native/Wagerproof/Features/Chat/WagerbotChatView.swift,missing,,,
wagerproof-mobile/app/(drawer)/wagerbot-voice.tsx,wagerbot-voice,screen,/wagerbot-voice,,,wagerproof_ios_native/Wagerproof/Features/Voice/WagerbotVoiceView.swift,missing,,,
wagerproof-mobile/app/(modals)/delete-account.tsx,delete-account,screen,/delete-account,,,wagerproof_ios_native/Wagerproof/Features/Settings/DeleteAccountView.swift,candidate,B08 ported to Features/Settings/DeleteAccountView.swift; waiver #054,,
wagerproof-mobile/app/(modals)/discord.tsx,discord,screen,/discord,from:profiles,,wagerproof_ios_native/Wagerproof/Features/Settings/DiscordView.swift,candidate,B08 ported to Features/Settings/DiscordView.swift,,
wagerproof-mobile/app/(modals)/ios-widget.tsx,ios-widget,screen,/ios-widget,,,wagerproof_ios_native/Wagerproof/Features/Settings/IosWidgetView.swift,candidate,B08 ported to Features/Settings/IosWidgetView.swift,,
wagerproof-mobile/app/(modals)/secret-settings.tsx,secret-settings,screen,/secret-settings,"from:profiles,user_push_tokens;http:https://exp.host/--/api/v2/push/send",,wagerproof_ios_native/Wagerproof/Features/Settings/SecretSettingsView.swift,candidate,B08 ported to Features/Settings/SecretSettingsView.swift; waivers #053 #055,,
wagerproof-mobile/app/(onboarding)/index.tsx,index,screen,/,,,wagerproof_ios_native/Wagerproof/Features/Onboarding/OnboardingView.swift,reviewed,b02 — Features/Onboarding/OnboardingView.swift,b02-reviewer-2026-05-20,2026-05-20
wagerproof-mobile/app/asset-library.tsx,asset-library,screen,/asset-library,,,wagerproof_ios_native/Wagerproof/Features/DevTools/AssetLibraryView.swift,missing,,,
wagerproof-mobile/app/pixel-office-debug.tsx,pixel-office-debug,screen,/pixel-office-debug,,,wagerproof_ios_native/Wagerproof/Features/DevTools/PixelOfficeDebugView.swift,missing,,,
wagerproof-mobile/services/activityService.ts,activityService,service,,"rpc:touch_owner_activity_if_stale,update_owner_last_active_at",,wagerproof_ios_native/WagerproofKit/Sources/WagerproofServices/ActivityService.swift,missing,,,
wagerproof-mobile/services/agentAuthorizedActions.ts,agentAuthorizedActions,service,,fn:agent-authorized-action-v1,,wagerproof_ios_native/WagerproofKit/Sources/WagerproofServices/AgentAuthorizedActions.swift,missing,,,
wagerproof-mobile/services/agentPerformanceMetrics.ts,agentPerformanceMetrics,service,,,,wagerproof_ios_native/WagerproofKit/Sources/WagerproofServices/AgentPerformanceMetrics.swift,missing,,,
wagerproof-mobile/services/agentPerformanceService.ts,agentPerformanceService,service,,"from:avatar_performance_cache,avatar_picks,avatar_profiles;rpc:get_leaderboard_v2",,wagerproof_ios_native/WagerproofKit/Sources/WagerproofServices/AgentPerformanceService.swift,missing,,,
wagerproof-mobile/services/agentPicksService.ts,agentPicksService,service,,"from:agent_generation_runs,avatar_picks;rpc:get_agent_pick_overlap_batch,get_top_agent_picks_feed_v2",,wagerproof_ios_native/WagerproofKit/Sources/WagerproofServices/AgentPicksService.swift,missing,,,
wagerproof-mobile/services/agentService.ts,agentService,service,,"from:avatar_performance_cache,avatar_profiles,preset_archetypes",,wagerproof_ios_native/WagerproofKit/Sources/WagerproofServices/AgentService.swift,missing,,,
wagerproof-mobile/services/agentV2DebugSettings.ts,agentV2DebugSettings,service,,,,wagerproof_ios_native/WagerproofKit/Sources/WagerproofServices/AgentV2DebugSettings.swift,missing,,,
wagerproof-mobile/services/agentV2Flags.ts,agentV2Flags,service,,from:app_settings,,wagerproof_ios_native/WagerproofKit/Sources/WagerproofServices/AgentV2Flags.swift,missing,,,
wagerproof-mobile/services/analytics.ts,analytics,service,,,,wagerproof_ios_native/WagerproofKit/Sources/WagerproofServices/Analytics.swift,missing,,,
wagerproof-mobile/services/chatThreadService.ts,chatThreadService,service,,"from:chat_messages,chat_threads",,wagerproof_ios_native/WagerproofKit/Sources/WagerproofServices/ChatThreadService.swift,missing,,,
wagerproof-mobile/services/collegeFootballClient.ts,collegeFootballClient,service,,,,wagerproof_ios_native/WagerproofKit/Sources/WagerproofServices/CollegeFootballClient.swift,missing,,,
wagerproof-mobile/services/deviceInfo.ts,deviceInfo,service,,,,wagerproof_ios_native/WagerproofKit/Sources/WagerproofServices/DeviceInfo.swift,missing,,,
wagerproof-mobile/services/editorPicksGameService.ts,editorPicksGameService,service,,"from:cfb_live_weekly_inputs,nba_input_values_view,nfl_betting_lines,v_cbb_input_values",,wagerproof_ios_native/WagerproofKit/Sources/WagerproofServices/EditorPicksGameService.swift,missing,,,
wagerproof-mobile/services/gameDataService.ts,gameDataService,service,,"from:cfb_api_predictions,cfb_live_weekly_inputs,mlb_game_signals,mlb_games_today,nba_edge_accuracy_by_bucket,nba_game_situational_trends_today,nba_input_values_view,nba_predictions,ncaab_edge_accuracy_by_bucket,ncaab_game_situational_trends_today,ncaab_predictions,ncaab_team_mapping,nfl_betting_lines,nfl_predictions_epa,v_cbb_input_values",,wagerproof_ios_native/WagerproofKit/Sources/WagerproofServices/GameDataService.swift,missing,,,
wagerproof-mobile/services/geminiLiveService.ts,geminiLiveService,service,,fn:get-gemini-key,,wagerproof_ios_native/WagerproofKit/Sources/WagerproofServices/GeminiLiveService.swift,missing,,,
wagerproof-mobile/services/liveScoresService.ts,liveScoresService,service,,"from:cfb_api_predictions,cfb_live_weekly_inputs,live_scores,nba_input_values_view,nba_predictions,ncaab_predictions,nfl_betting_lines,nfl_predictions_epa",,wagerproof_ios_native/WagerproofKit/Sources/WagerproofServices/LiveScoresService.swift,reviewed,B07 reviewer PASS — backend byte-identical,b07-reviewer-2026-05-20,2026-05-20
wagerproof-mobile/services/notificationService.ts,notificationService,service,,"from:user_notification_preferences,user_push_tokens",,wagerproof_ios_native/WagerproofKit/Sources/WagerproofServices/NotificationService.swift,candidate,B08 ported to WagerproofServices/NotificationService.swift; waiver #051,,
wagerproof-mobile/services/offlineQueue.ts,offlineQueue,service,,from:profiles,,wagerproof_ios_native/WagerproofKit/Sources/WagerproofServices/OfflineQueue.swift,missing,,,
wagerproof-mobile/services/outliersService.ts,outliersService,service,,"from:cfb_api_predictions,cfb_live_weekly_inputs,nba_input_values_view,nba_predictions,ncaab_predictions,ncaab_team_mapping,nfl_betting_lines,nfl_predictions_epa,polymarket_markets,v_cbb_input_values,v_input_values_with_epa",,wagerproof_ios_native/WagerproofKit/Sources/WagerproofServices/OutliersService.swift,reviewed,B06 reviewer PASS — backend byte-identical,b06-reviewer-2026-05-20,2026-05-20
wagerproof-mobile/services/polymarketService.ts,polymarketService,service,,from:polymarket_markets;fn:polymarket-proxy,,wagerproof_ios_native/WagerproofKit/Sources/WagerproofServices/PolymarketService.swift,reviewed,B04 reviewer PASS — #035 cache-only,b04-reviewer-2026-05-21,2026-05-21
wagerproof-mobile/services/revenuecat.ts,revenuecat,service,,,,wagerproof_ios_native/WagerproofKit/Sources/WagerproofServices/Revenuecat.swift,candidate,B08 ported to WagerproofServices/RevenueCatService.swift,,
wagerproof-mobile/services/supabase.ts,supabase,service,,,,wagerproof_ios_native/WagerproofKit/Sources/WagerproofServices/Supabase.swift,missing,,,
wagerproof-mobile/services/topAgentsWidgetService.ts,topAgentsWidgetService,service,,"from:avatar_performance_cache,avatar_picks,avatar_profiles",,wagerproof_ios_native/WagerproofKit/Sources/WagerproofServices/TopAgentsWidgetService.swift,missing,,,
wagerproof-mobile/services/wagerBotChatService.ts,wagerBotChatService,service,,from:chat_messages,,wagerproof_ios_native/WagerproofKit/Sources/WagerproofServices/WagerBotChatService.swift,missing,,,
wagerproof-mobile/services/wagerBotSuggestionService.ts,wagerBotSuggestionService,service,,,,wagerproof_ios_native/WagerproofKit/Sources/WagerproofServices/WagerBotSuggestionService.swift,missing,,,
wagerproof-mobile/services/wagerBotVoiceService.ts,wagerBotVoiceService,service,,,,wagerproof_ios_native/WagerproofKit/Sources/WagerproofServices/WagerBotVoiceService.swift,missing,,,
wagerproof-mobile/components/CFBGameBottomSheet.tsx,CFBGameBottomSheet,sheet,,,,wagerproof_ios_native/Wagerproof/Features/CFB/Sheets/CFBGameBottomSheet.swift,reviewed,B04 reviewer PASS — gaps #033/#034 tracked,b04-reviewer-2026-05-21,2026-05-21
wagerproof-mobile/components/DeleteAccountBottomSheet.tsx,DeleteAccountBottomSheet,sheet,,,,wagerproof_ios_native/Wagerproof/Features/Settings/Sheets/DeleteAccountBottomSheet.swift,candidate,B08 ported to Features/Settings/Sheets/DeleteAccountBottomSheet.swift,,
wagerproof-mobile/components/EditorPickCreatorBottomSheet.tsx,EditorPickCreatorBottomSheet,sheet,,from:editors_picks,,wagerproof_ios_native/Wagerproof/Features/EditorPicks/Sheets/EditorPickCreatorBottomSheet.swift,reviewed,B05 reviewer PASS — waiver #014 for game-picker,b05-reviewer-2026-05-20,2026-05-20
wagerproof-mobile/components/H2HModal.tsx,H2HModal,sheet,,from:nfl_historical_games,,wagerproof_ios_native/Wagerproof/Features/GameCards/Sheets/H2HModal.swift,reviewed,B04 reviewer PASS — #032 shell,b04-reviewer-2026-05-21,2026-05-21
wagerproof-mobile/components/LineMovementModal.tsx,LineMovementModal,sheet,,from:nfl_line_movement,,wagerproof_ios_native/Wagerproof/Features/GameCards/Sheets/LineMovementModal.swift,reviewed,B04 reviewer PASS — #033 shell,b04-reviewer-2026-05-21,2026-05-21
wagerproof-mobile/components/LiveScoreDetailModal.tsx,LiveScoreDetailModal,sheet,,,,wagerproof_ios_native/Wagerproof/Features/Scoreboard/Sheets/LiveScoreDetailModal.swift,reviewed,B07 reviewer PASS — native .sheet with .presentationDetents,b07-reviewer-2026-05-20,2026-05-20
wagerproof-mobile/components/MLBBettingTrendsBottomSheet.tsx,MLBBettingTrendsBottomSheet,sheet,,,,wagerproof_ios_native/Wagerproof/Features/MLB/Sheets/MLBBettingTrendsBottomSheet.swift,missing,,,
wagerproof-mobile/components/MLBGameBottomSheet.tsx,MLBGameBottomSheet,sheet,,,,wagerproof_ios_native/Wagerproof/Features/MLB/Sheets/MLBGameBottomSheet.swift,missing,,,
wagerproof-mobile/components/MetaTestBottomSheet.tsx,MetaTestBottomSheet,sheet,,,,wagerproof_ios_native/Wagerproof/Features/DevTools/Sheets/MetaTestBottomSheet.swift,missing,,,
wagerproof-mobile/components/NBABettingTrendsBottomSheet.tsx,NBABettingTrendsBottomSheet,sheet,,,,wagerproof_ios_native/Wagerproof/Features/NBA/Sheets/NBABettingTrendsBottomSheet.swift,missing,,,
wagerproof-mobile/components/NBAGameBottomSheet.tsx,NBAGameBottomSheet,sheet,,,,wagerproof_ios_native/Wagerproof/Features/NBA/Sheets/NBAGameBottomSheet.swift,missing,,,
wagerproof-mobile/components/NCAABBettingTrendsBottomSheet.tsx,NCAABBettingTrendsBottomSheet,sheet,,,,wagerproof_ios_native/Wagerproof/Features/NCAAB/Sheets/NCAABBettingTrendsBottomSheet.swift,candidate,B11 ported (agent interrupted; build green),,
wagerproof-mobile/components/NCAABGameBottomSheet.tsx,NCAABGameBottomSheet,sheet,,,,wagerproof_ios_native/Wagerproof/Features/NCAAB/Sheets/NCAABGameBottomSheet.swift,candidate,B11 ported (agent interrupted; build green),,
wagerproof-mobile/components/NFLGameBottomSheet.tsx,NFLGameBottomSheet,sheet,,,,wagerproof_ios_native/Wagerproof/Features/NFL/Sheets/NFLGameBottomSheet.swift,reviewed,B04 reviewer PASS — gaps #032/#033/#034 tracked,b04-reviewer-2026-05-21,2026-05-21
wagerproof-mobile/components/PickDetailBottomSheet.tsx,PickDetailBottomSheet,sheet,,,,wagerproof_ios_native/Wagerproof/Features/Picks/Sheets/PickDetailBottomSheet.swift,reviewed,B05 reviewer PASS,b05-reviewer-2026-05-20,2026-05-20
wagerproof-mobile/components/ReviewRequestModal.tsx,ReviewRequestModal,sheet,,,,wagerproof_ios_native/Wagerproof/Features/Settings/Sheets/ReviewRequestModal.swift,candidate,B08 ported to Features/Settings/Sheets/ReviewRequestModal.swift,,
wagerproof-mobile/components/SportsbookButtons.tsx,SportsbookButtons,sheet,,,,wagerproof_ios_native/Wagerproof/Features/GameCards/Sheets/SportsbookButtons.swift,reviewed,B04 reviewer PASS,b04-reviewer-2026-05-21,2026-05-21
wagerproof-mobile/components/WagerBotChatBottomSheet.tsx,WagerBotChatBottomSheet,sheet,,,,wagerproof_ios_native/Wagerproof/Features/Chat/Sheets/WagerBotChatBottomSheet.swift,missing,,,
wagerproof-mobile/components/agents/AgentHRBottomSheet.tsx,AgentHRBottomSheet,sheet,,,,wagerproof_ios_native/Wagerproof/Features/Agents/Sheets/AgentHRBottomSheet.swift,missing,,,
wagerproof-mobile/components/agents/inputs/TimePickerModal.tsx,TimePickerModal,sheet,,,,wagerproof_ios_native/Wagerproof/Features/Agents/Sheets/TimePickerModal.swift,missing,,,
wagerproof-mobile/components/agents/inputs/TimezonePickerModal.tsx,TimezonePickerModal,sheet,,,,wagerproof_ios_native/Wagerproof/Features/Agents/Sheets/TimezonePickerModal.swift,missing,,,
wagerproof-mobile/components/learn-wagerproof/LearnWagerProofBottomSheet.tsx,LearnWagerProofBottomSheet,sheet,,,,wagerproof_ios_native/Wagerproof/Features/LearnMore/Sheets/LearnWagerProofBottomSheet.swift,candidate,B21 ported to Features/LearnMore/Sheets/LearnWagerProofBottomSheet.swift,,
wagerproof-mobile/components/onboarding/DemoGameBottomSheet.tsx,DemoGameBottomSheet,sheet,,,,wagerproof_ios_native/Wagerproof/Features/Onboarding/Sheets/DemoGameBottomSheet.swift,missing,,,
wagerproof-mobile/components/onboarding/PaywallBottomSheet.tsx,PaywallBottomSheet,sheet,,,,wagerproof_ios_native/Wagerproof/Features/Onboarding/Sheets/PaywallBottomSheet.swift,missing,,,
wagerproof-mobile/contexts/AdminModeContext.tsx,AdminModeContext,store,,,,wagerproof_ios_native/WagerproofKit/Sources/WagerproofStores/AdminModeContext.swift,candidate,B08 ported to WagerproofStores/AdminModeStore.swift,,
wagerproof-mobile/contexts/AgentHRSheetContext.tsx,AgentHRSheetContext,store,,,,wagerproof_ios_native/WagerproofKit/Sources/WagerproofStores/AgentHRSheetContext.swift,missing,,,
wagerproof-mobile/contexts/AgentPickAuditContext.tsx,AgentPickAuditContext,store,,,,wagerproof_ios_native/WagerproofKit/Sources/WagerproofStores/AgentPickAuditContext.swift,missing,,,
wagerproof-mobile/contexts/AnalyticsContext.tsx,AnalyticsContext,store,,,,wagerproof_ios_native/WagerproofKit/Sources/WagerproofStores/AnalyticsContext.swift,missing,,,
wagerproof-mobile/contexts/AuthContext.tsx,AuthContext,store,,,,wagerproof_ios_native/WagerproofKit/Sources/WagerproofStores/AuthContext.swift,reviewed,B01 reviewer PASS — extended AuthStore with signInWithApple/signInWithGoogle,b01-reviewer-2026-05-20,2026-05-20
wagerproof-mobile/contexts/CFBGameSheetContext.tsx,CFBGameSheetContext,store,,,,wagerproof_ios_native/WagerproofKit/Sources/WagerproofStores/CFBGameSheetContext.swift,reviewed,B04 reviewer PASS,b04-reviewer-2026-05-21,2026-05-21
wagerproof-mobile/contexts/EditorPickSheetContext.tsx,EditorPickSheetContext,store,,,,wagerproof_ios_native/WagerproofKit/Sources/WagerproofStores/EditorPickSheetContext.swift,reviewed,B05 reviewer PASS,b05-reviewer-2026-05-20,2026-05-20
wagerproof-mobile/contexts/LearnWagerProofContext.tsx,LearnWagerProofContext,store,,,,wagerproof_ios_native/WagerproofKit/Sources/WagerproofStores/LearnWagerProofContext.swift,candidate,B21 ported to WagerproofStores/LearnWagerProofStore.swift; fidelity table at docs/wagerproof-migration/fidelity/b21-learnmore.md,,
wagerproof-mobile/contexts/MLBBettingTrendsSheetContext.tsx,MLBBettingTrendsSheetContext,store,,,,wagerproof_ios_native/WagerproofKit/Sources/WagerproofStores/MLBBettingTrendsSheetContext.swift,missing,,,
wagerproof-mobile/contexts/MLBGameSheetContext.tsx,MLBGameSheetContext,store,,,,wagerproof_ios_native/WagerproofKit/Sources/WagerproofStores/MLBGameSheetContext.swift,missing,,,
wagerproof-mobile/contexts/MetaTestSheetContext.tsx,MetaTestSheetContext,store,,,,wagerproof_ios_native/WagerproofKit/Sources/WagerproofStores/MetaTestSheetContext.swift,missing,,,
wagerproof-mobile/contexts/NBABettingTrendsSheetContext.tsx,NBABettingTrendsSheetContext,store,,,,wagerproof_ios_native/WagerproofKit/Sources/WagerproofStores/NBABettingTrendsSheetContext.swift,missing,,,
wagerproof-mobile/contexts/NBAGameSheetContext.tsx,NBAGameSheetContext,store,,,,wagerproof_ios_native/WagerproofKit/Sources/WagerproofStores/NBAGameSheetContext.swift,missing,,,
wagerproof-mobile/contexts/NCAABBettingTrendsSheetContext.tsx,NCAABBettingTrendsSheetContext,store,,,,wagerproof_ios_native/WagerproofKit/Sources/WagerproofStores/NCAABBettingTrendsSheetContext.swift,candidate,B11 ported to WagerproofStores/NCAABBettingTrendsStore.swift,,
wagerproof-mobile/contexts/NCAABGameSheetContext.tsx,NCAABGameSheetContext,store,,,,wagerproof_ios_native/WagerproofKit/Sources/WagerproofStores/NCAABGameSheetContext.swift,candidate,B11 ported to WagerproofStores/NCAABGameSheetStore.swift,,
wagerproof-mobile/contexts/NFLGameSheetContext.tsx,NFLGameSheetContext,store,,,,wagerproof_ios_native/WagerproofKit/Sources/WagerproofStores/NFLGameSheetContext.swift,reviewed,B04 reviewer PASS,b04-reviewer-2026-05-21,2026-05-21
wagerproof-mobile/contexts/OnboardingContext.tsx,OnboardingContext,store,,from:profiles,,wagerproof_ios_native/WagerproofKit/Sources/WagerproofStores/OnboardingContext.swift,reviewed,b02 — WagerproofStores/OnboardingStore.swift,b02-reviewer-2026-05-20,2026-05-20
wagerproof-mobile/contexts/PickDetailSheetContext.tsx,PickDetailSheetContext,store,,,,wagerproof_ios_native/WagerproofKit/Sources/WagerproofStores/PickDetailSheetContext.swift,reviewed,B05 reviewer PASS,b05-reviewer-2026-05-20,2026-05-20
wagerproof-mobile/contexts/RevenueCatContext.tsx,RevenueCatContext,store,,from:profiles,,wagerproof_ios_native/WagerproofKit/Sources/WagerproofStores/RevenueCatContext.swift,candidate,B08 ported to WagerproofStores/RevenueCatStore.swift,,
wagerproof-mobile/contexts/ScrollContext.tsx,ScrollContext,store,,,,wagerproof_ios_native/WagerproofKit/Sources/WagerproofStores/ScrollContext.swift,missing,,,
wagerproof-mobile/contexts/SettingsContext.tsx,SettingsContext,store,,,,wagerproof_ios_native/WagerproofKit/Sources/WagerproofStores/SettingsContext.swift,candidate,B08 ported to WagerproofStores/SettingsStore.swift,,
wagerproof-mobile/contexts/ThemeContext.tsx,ThemeContext,store,,,,wagerproof_ios_native/WagerproofKit/Sources/WagerproofStores/ThemeContext.swift,missing,,,
wagerproof-mobile/contexts/WagerBotChatSheetContext.tsx,WagerBotChatSheetContext,store,,,,wagerproof_ios_native/WagerproofKit/Sources/WagerproofStores/WagerBotChatSheetContext.swift,missing,,,
wagerproof-mobile/contexts/WagerBotSuggestionContext.tsx,WagerBotSuggestionContext,store,,,,wagerproof_ios_native/WagerproofKit/Sources/WagerproofStores/WagerBotSuggestionContext.swift,missing,,,
wagerproof-mobile/types/agent.ts,agent,type,,,,wagerproof_ios_native/WagerproofKit/Sources/WagerproofModels/Agent.swift,missing,,,
wagerproof-mobile/types/cfb.ts,cfb,type,,,,wagerproof_ios_native/WagerproofKit/Sources/WagerproofModels/Cfb.swift,reviewed,B04 reviewer PASS,b04-reviewer-2026-05-21,2026-05-21
wagerproof-mobile/types/chatTypes.ts,chatTypes,type,,,,wagerproof_ios_native/WagerproofKit/Sources/WagerproofModels/ChatTypes.swift,missing,,,
wagerproof-mobile/types/editorsPicks.ts,editorsPicks,type,,,,wagerproof_ios_native/WagerproofKit/Sources/WagerproofModels/EditorsPicks.swift,reviewed,B05 reviewer PASS,b05-reviewer-2026-05-20,2026-05-20
wagerproof-mobile/types/liveScores.ts,liveScores,type,,,,wagerproof_ios_native/WagerproofKit/Sources/WagerproofModels/LiveScores.swift,reviewed,B07 reviewer PASS — ported to WagerproofModels/LiveScore.swift,b07-reviewer-2026-05-20,2026-05-20
wagerproof-mobile/types/mlb.ts,mlb,type,,,,wagerproof_ios_native/WagerproofKit/Sources/WagerproofModels/Mlb.swift,missing,,,
wagerproof-mobile/types/mlbBettingTrends.ts,mlbBettingTrends,type,,,,wagerproof_ios_native/WagerproofKit/Sources/WagerproofModels/MlbBettingTrends.swift,missing,,,
wagerproof-mobile/types/modelAccuracy.ts,modelAccuracy,type,,,,wagerproof_ios_native/WagerproofKit/Sources/WagerproofModels/ModelAccuracy.swift,missing,,,
wagerproof-mobile/types/nba.ts,nba,type,,,,wagerproof_ios_native/WagerproofKit/Sources/WagerproofModels/Nba.swift,missing,,,
wagerproof-mobile/types/nbaBettingTrends.ts,nbaBettingTrends,type,,,,wagerproof_ios_native/WagerproofKit/Sources/WagerproofModels/NbaBettingTrends.swift,missing,,,
wagerproof-mobile/types/ncaab.ts,ncaab,type,,,,wagerproof_ios_native/WagerproofKit/Sources/WagerproofModels/Ncaab.swift,candidate,B11 ported to WagerproofModels/NCAABGame.swift,,
wagerproof-mobile/types/ncaabBettingTrends.ts,ncaabBettingTrends,type,,,,wagerproof_ios_native/WagerproofKit/Sources/WagerproofModels/NcaabBettingTrends.swift,missing,,,
wagerproof-mobile/types/nfl.ts,nfl,type,,,,wagerproof_ios_native/WagerproofKit/Sources/WagerproofModels/Nfl.swift,reviewed,B04 reviewer PASS,b04-reviewer-2026-05-21,2026-05-21
wagerproof-mobile/types/polymarket.ts,polymarket,type,,,,wagerproof_ios_native/WagerproofKit/Sources/WagerproofModels/Polymarket.swift,missing,,,
wagerproof-mobile/types/roast.ts,roast,type,,,,wagerproof_ios_native/WagerproofKit/Sources/WagerproofModels/Roast.swift,reviewed,B19 reviewer PASS,b19-reviewer-2026-05-20,2026-05-21
wagerproof-mobile/utils/agentChartData.ts,agentChartData,util,,,,wagerproof_ios_native/WagerproofKit/Sources/WagerproofKit/Utilities/AgentChartData.swift,missing,,,
wagerproof-mobile/utils/cfbDataFetchers.ts,cfbDataFetchers,util,,"from:cfb_betting_lines,circa_lines",,wagerproof_ios_native/WagerproofKit/Sources/WagerproofKit/Utilities/CfbDataFetchers.swift,missing,,,
wagerproof-mobile/utils/chatSessionManager.ts,chatSessionManager,util,,,,wagerproof_ios_native/WagerproofKit/Sources/WagerproofKit/Utilities/ChatSessionManager.swift,missing,,,
wagerproof-mobile/utils/formatting.ts,formatting,util,,,,wagerproof_ios_native/WagerproofKit/Sources/WagerproofKit/Utilities/Formatting.swift,missing,,,
wagerproof-mobile/utils/mlbBucketAccuracy.ts,mlbBucketAccuracy,util,,,,wagerproof_ios_native/WagerproofKit/Sources/WagerproofKit/Utilities/MlbBucketAccuracy.swift,missing,,,
wagerproof-mobile/utils/nflDataFetchers.ts,nflDataFetchers,util,,"from:nfl_betting_lines,nfl_training_data",,wagerproof_ios_native/WagerproofKit/Sources/WagerproofKit/Utilities/NflDataFetchers.swift,missing,,,
wagerproof-mobile/utils/polymarketValueAlerts.ts,polymarketValueAlerts,util,,,,wagerproof_ios_native/WagerproofKit/Sources/WagerproofKit/Utilities/PolymarketValueAlerts.swift,missing,,,
wagerproof-mobile/utils/sportsbookConfig.ts,sportsbookConfig,util,,,,wagerproof_ios_native/WagerproofKit/Sources/WagerproofKit/Utilities/SportsbookConfig.swift,missing,,,
wagerproof-mobile/utils/teamColors.ts,teamColors,util,,,,wagerproof_ios_native/WagerproofKit/Sources/WagerproofKit/Utilities/TeamColors.swift,missing,,,
wagerproof-mobile/utils/teamMatching.ts,teamMatching,util,,,,wagerproof_ios_native/WagerproofKit/Sources/WagerproofKit/Utilities/TeamMatching.swift,missing,,,
wagerproof-mobile/utils/unitsCalculation.ts,unitsCalculation,util,,,,wagerproof_ios_native/WagerproofKit/Sources/WagerproofKit/Utilities/UnitsCalculation.swift,reviewed,B05 reviewer PASS — Formula B unit math byte-identical,b05-reviewer-2026-05-20,2026-05-20
