pick_id,season,week,game,rule,market,side,bet_home,open_num,close_num,edge,confluence,reg_edge,away_ab,home_ab,actual_margin,actual_total,win,clv_pts,roi_u
2023-W01-CAR@ATL-S,2023,1,CAR@ATL,sides_model,spread,CAR +3.5,0,-3.5,-3.5,-0.04,0.0,-1.25,CAR,ATL,14,34,0.0,0.0,-1.0
2023-W01-CAR@ATL-W1U,2023,1,CAR@ATL,week1_def_under,total,UNDER 40,-2,40.0,40.5,-1.9,,,CAR,ATL,14,34,1.0,-0.5,0.9090909090909091
2023-W01-HOU@BAL-S,2023,1,HOU@BAL,sides_model,spread,BAL -10,1,-10.0,-10.0,0.144,0.0,0.13,HOU,BAL,16,34,1.0,0.0,0.9090909090909091
2023-W01-GB@CHI-S,2023,1,GB@CHI,sides_model,spread,GB +1,0,-1.0,-1.0,-0.116,1.0,-2.18,GB,CHI,-18,58,1.0,0.0,0.9090909090909091
2023-W01-GB@CHI-W1U,2023,1,GB@CHI,week1_def_under,total,UNDER 43.5,-2,43.5,41.0,-1.5,,,GB,CHI,-18,58,0.0,2.5,-1.0
2023-W01-GB@CHI-BBU,2023,1,GB@CHI,bot_vs_bot_under,total,UNDER 43.5,-2,43.5,41.0,43.5,,,GB,CHI,-18,58,0.0,2.5,-1.0
2023-W01-CIN@CLE-S,2023,1,CIN@CLE,sides_model,spread,CIN -2.5,0,2.5,0.0,-0.048,0.0,5.09,CIN,CLE,21,27,0.0,-2.5,-1.0
2023-W01-LV@DEN-S,2023,1,LV@DEN,sides_model,spread,LV +4,0,-4.0,-3.0,-0.144,0.0,-0.8,LV,DEN,-1,33,1.0,1.0,0.9090909090909091
2023-W01-DET@KC-S,2023,1,DET@KC,sides_model,spread,KC -6.5,1,-6.5,-4.0,0.12,0.0,-2.36,DET,KC,-1,41,0.0,-2.5,-1.0
2023-W01-MIA@LAC-S,2023,1,MIA@LAC,sides_model,spread,MIA +3,0,-3.0,-3.0,-0.1,1.0,-6.52,MIA,LAC,-2,70,1.0,0.0,0.9090909090909091
2023-W01-TB@MIN-S,2023,1,TB@MIN,sides_model,spread,TB +6,0,-6.0,-4.0,-0.07,0.0,0.69,TB,MIN,-3,37,1.0,2.0,0.9090909090909091
2023-W01-PHI@NE-S,2023,1,PHI@NE,sides_model,spread,PHI -3.5,0,3.5,3.5,-0.164,0.0,1.97,PHI,NE,-5,45,1.0,0.0,0.9090909090909091
2023-W01-TEN@NO-S,2023,1,TEN@NO,sides_model,spread,TEN +3,0,-3.0,-3.0,-0.13,0.0,-0.0,TEN,NO,1,31,1.0,0.0,0.9090909090909091
2023-W01-TEN@NO-W1U,2023,1,TEN@NO,week1_def_under,total,UNDER 41,-2,41.0,41.5,-4.1,,,TEN,NO,1,31,1.0,-0.5,0.9090909090909091
2023-W01-DAL@NYG-S,2023,1,DAL@NYG,sides_model,spread,NYG +3.5,1,3.5,3.0,0.049,1.0,7.64,DAL,NYG,-40,40,0.0,0.5,-1.0
2023-W01-BUF@NYJ-W1U,2023,1,BUF@NYJ,week1_def_under,total,UNDER 46.5,-2,46.5,44.5,-6.4,,,BUF,NYJ,6,38,1.0,2.0,0.9090909090909091
2023-W01-BUF@NYJ-PTF,2023,1,BUF@NYJ,primetime_tight_favorite,spread,BUF -2.5,0,2.5,2.5,2.5,,,BUF,NYJ,6,38,0.0,0.0,-1.0
2023-W01-BUF@NYJ-PTU,2023,1,BUF@NYJ,primetime_tight_under,total,UNDER 46.5,-2,46.5,44.5,46.5,,,BUF,NYJ,6,38,1.0,2.0,0.9090909090909091
2023-W01-BUF@NYJ-TTH,2023,1,BUF@NYJ,top_vs_top_pt_home,spread,NYJ +2.5,1,2.5,2.5,0.0,,,BUF,NYJ,6,38,1.0,0.0,0.9090909090909091
2023-W01-SF@PIT-W1U,2023,1,SF@PIT,week1_def_under,total,UNDER 40.75,-2,40.75,41.5,-3.6,,,SF,PIT,-23,37,1.0,-0.75,0.9090909090909091
2023-W01-LAR@SEA-S,2023,1,LAR@SEA,sides_model,spread,LAR +5.25,0,-5.25,-4.5,-0.05,0.0,1.76,LAR,SEA,-17,43,1.0,0.75,0.9090909090909091
2023-W01-ARI@WAS-S,2023,1,ARI@WAS,sides_model,spread,WAS -7,1,-7.0,-7.0,0.097,0.0,-2.39,ARI,WAS,4,36,0.0,0.0,-1.0
2023-W02-NYG@ARI-S,2023,2,NYG@ARI,sides_model,spread,NYG -4.5,0,4.5,4.5,-0.184,0.0,5.86,NYG,ARI,-3,59,0.0,0.0,-1.0
2023-W02-NYG@ARI-SDFA,2023,2,NYG@ARI,spread_dog_cover_fade_away,spread,NYG -4.5,0,4.5,4.5,40.0,,,NYG,ARI,-3,59,0.0,0.0,-1.0
2023-W02-GB@ATL-S,2023,2,GB@ATL,sides_model,spread,ATL -1.5,1,-1.5,-3.0,0.226,1.0,5.58,GB,ATL,1,49,0.0,1.5,-1.0
2023-W02-GB@ATL-TSML,2023,2,GB@ATL,tight_soft_ml_fade_home,spread,GB +1.5,0,-1.5,-3.0,5.4,,,GB,ATL,1,49,1.0,-1.5,0.9090909090909091
2023-W02-LV@BUF-S,2023,2,LV@BUF,sides_model,spread,BUF -8.75,1,-8.75,-7.5,0.042,1.0,4.65,LV,BUF,28,48,1.0,-1.25,0.9090909090909091
2023-W02-LV@BUF-LLO,2023,2,LV@BUF,total_low_line_over,total,OVER 47.5,-1,47.5,47.0,-10.5,,,LV,BUF,28,48,1.0,-0.5,0.9090909090909091
2023-W02-LV@BUF-SDFH,2023,2,LV@BUF,spread_dog_cover_fade_home,spread,BUF -8.75,1,-8.75,-7.5,12.5,,,LV,BUF,28,48,1.0,-1.25,0.9090909090909091
2023-W02-NO@CAR-PTF,2023,2,NO@CAR,primetime_tight_favorite,spread,NO -1.5,0,1.5,3.0,1.5,,,NO,CAR,-3,37,1.0,1.5,0.9090909090909091
2023-W02-NO@CAR-PTU,2023,2,NO@CAR,primetime_tight_under,total,UNDER 40.5,-2,40.5,39.5,40.5,,,NO,CAR,-3,37,1.0,1.0,0.9090909090909091
2023-W02-BAL@CIN-S,2023,2,BAL@CIN,sides_model,spread,CIN -3,1,-3.0,-3.5,0.108,0.0,0.8,BAL,CIN,-3,51,0.0,0.5,-1.0
2023-W02-BAL@CIN-LLO,2023,2,BAL@CIN,total_low_line_over,total,OVER 47,-1,47.0,45.5,-23.0,,,BAL,CIN,-3,51,1.0,-1.5,0.9090909090909091
2023-W02-BAL@CIN-SDFH,2023,2,BAL@CIN,spread_dog_cover_fade_home,spread,CIN -3,1,-3.0,-3.5,30.0,,,BAL,CIN,-3,51,0.0,0.5,-1.0
2023-W02-WAS@DEN-S,2023,2,WAS@DEN,sides_model,spread,DEN -3.5,1,-3.5,-3.5,0.088,0.0,1.11,WAS,DEN,-2,68,0.0,0.0,-1.0
2023-W02-SEA@DET-S,2023,2,SEA@DET,sides_model,spread,DET -3,1,-3.0,-4.5,0.053,1.0,7.81,SEA,DET,-6,68,0.0,1.5,-1.0
2023-W02-SEA@DET-LLO,2023,2,SEA@DET,total_low_line_over,total,OVER 51,-1,51.0,47.0,-15.0,,,SEA,DET,-6,68,1.0,-4.0,0.9090909090909091
2023-W02-IND@HOU-S,2023,2,IND@HOU,sides_model,spread,IND +1,0,-1.0,-0.5,-0.135,0.0,-0.87,IND,HOU,-11,51,1.0,0.5,0.9090909090909091
2023-W02-IND@HOU-BBU,2023,2,IND@HOU,bot_vs_bot_under,total,UNDER 40.5,-2,40.5,40.0,40.5,,,IND,HOU,-11,51,0.0,0.5,-1.0
2023-W02-KC@JAX-S,2023,2,KC@JAX,sides_model,spread,JAX +3,1,3.0,3.0,0.07,1.0,7.95,KC,JAX,-8,26,0.0,0.0,-1.0
2023-W02-KC@JAX-SDFA,2023,2,KC@JAX,spread_dog_cover_fade_away,spread,KC -3,0,3.0,3.0,11.5,,,KC,JAX,-8,26,1.0,0.0,0.9090909090909091
2023-W02-SF@LAR-S,2023,2,SF@LAR,sides_model,spread,LAR +6.25,1,6.25,7.0,0.1,0.0,-1.38,SF,LAR,-7,53,0.0,-0.75,-1.0
2023-W02-MIA@NE-S,2023,2,MIA@NE,sides_model,spread,NE +2.5,1,2.5,1.75,0.115,1.0,4.56,MIA,NE,-7,41,0.0,0.75,-1.0
2023-W02-MIA@NE-PTF,2023,2,MIA@NE,primetime_tight_favorite,spread,MIA -2.5,0,2.5,1.75,2.5,,,MIA,NE,-7,41,1.0,-0.75,0.9090909090909091
2023-W02-MIA@NE-PTU,2023,2,MIA@NE,primetime_tight_under,total,UNDER 45.5,-2,45.5,46.5,45.5,,,MIA,NE,-7,41,1.0,-1.0,0.9090909090909091
2023-W02-MIN@PHI-S,2023,2,MIN@PHI,sides_model,spread,MIN +7,0,-7.0,-6.0,-0.078,0.0,1.35,MIN,PHI,6,62,1.0,1.0,0.9090909090909091
2023-W02-CLE@PIT-S,2023,2,CLE@PIT,sides_model,spread,PIT -1,1,-1.0,2.5,0.057,0.0,-0.04,CLE,PIT,4,48,1.0,-3.5,0.9090909090909091
2023-W02-CLE@PIT-FPR,2023,2,CLE@PIT,fade_pr_in_tight_game,spread,PIT -1,1,-1.0,2.5,5.0,,,CLE,PIT,4,48,1.0,-3.5,0.9090909090909091
2023-W02-CLE@PIT-PTF,2023,2,CLE@PIT,primetime_tight_favorite,spread,PIT -1,1,-1.0,2.5,1.0,,,CLE,PIT,4,48,1.0,-3.5,0.9090909090909091
2023-W02-CLE@PIT-PTU,2023,2,CLE@PIT,primetime_tight_under,total,UNDER 42.5,-2,42.5,39.0,42.5,,,CLE,PIT,4,48,0.0,3.5,-1.0
2023-W02-CLE@PIT-SDFH,2023,2,CLE@PIT,spread_dog_cover_fade_home,spread,PIT -1,1,-1.0,2.5,45.5,,,CLE,PIT,4,48,1.0,-3.5,0.9090909090909091
2023-W02-CHI@TB-S,2023,2,CHI@TB,sides_model,spread,CHI -1,0,1.0,-2.5,-0.272,0.0,4.31,CHI,TB,10,44,0.0,-3.5,-1.0
2023-W02-CHI@TB-TSML,2023,2,CHI@TB,tight_soft_ml_fade_home,spread,CHI -1,0,1.0,-2.5,6.0,,,CHI,TB,10,44,0.0,-3.5,-1.0
2023-W02-CHI@TB-BBU,2023,2,CHI@TB,bot_vs_bot_under,total,UNDER 44,-2,44.0,40.75,44.0,,,CHI,TB,10,44,,3.25,0.0
2023-W02-CHI@TB-SDFA,2023,2,CHI@TB,spread_dog_cover_fade_away,spread,CHI -1,0,1.0,-2.5,26.0,,,CHI,TB,10,44,0.0,-3.5,-1.0
2023-W03-DAL@ARI-S,2023,3,DAL@ARI,sides_model,spread,ARI +10.75,1,10.75,11.5,0.053,1.0,6.88,DAL,ARI,12,44,1.0,-0.75,0.9090909090909091
2023-W03-DAL@ARI-DKO,2023,3,DAL@ARI,dk_giant_fav_over,total,OVER 42.5,-1,42.5,43.5,12.8,,,DAL,ARI,12,44,1.0,1.0,0.9090909090909091
2023-W03-IND@BAL-S,2023,3,IND@BAL,sides_model,spread,BAL -8.25,1,-8.25,-7.5,0.12,1.0,3.15,IND,BAL,-3,41,0.0,-0.75,-1.0
2023-W03-LAR@CIN-S,2023,3,LAR@CIN,sides_model,spread,CIN -7,1,-7.0,-3.0,0.08,0.0,-6.13,LAR,CIN,3,35,0.0,-4.0,-1.0
2023-W03-LAR@CIN-SDFH,2023,3,LAR@CIN,spread_dog_cover_fade_home,spread,CIN -7,1,-7.0,-3.0,25.25,,,LAR,CIN,3,35,0.0,-4.0,-1.0
2023-W03-TEN@CLE-S,2023,3,TEN@CLE,sides_model,spread,TEN +4.5,0,-4.5,-3.5,-0.23,0.0,0.29,TEN,CLE,24,30,0.0,1.0,-1.0
2023-W03-NO@GB-S,2023,3,NO@GB,sides_model,spread,GB -2.25,1,-2.25,1.5,0.075,0.0,-1.76,NO,GB,1,35,0.0,-3.75,-1.0
2023-W03-HOU@JAX-S,2023,3,HOU@JAX,sides_model,spread,HOU +7.5,0,-7.5,-7.5,-0.297,1.0,-5.13,HOU,JAX,-20,54,1.0,0.0,0.9090909090909091
2023-W03-HOU@JAX-LLO,2023,3,HOU@JAX,total_low_line_over,total,OVER 45.5,-1,45.5,43.5,-8.38,,,HOU,JAX,-20,54,1.0,-2.0,0.9090909090909091
2023-W03-CHI@KC-S,2023,3,CHI@KC,sides_model,spread,CHI +11.5,0,-11.5,-12.5,-0.169,0.0,1.32,CHI,KC,31,51,0.0,-1.0,-1.0
2023-W03-CHI@KC-LLO,2023,3,CHI@KC,total_low_line_over,total,OVER 49.5,-1,49.5,48.0,-10.75,,,CHI,KC,31,51,1.0,-1.5,0.9090909090909091
2023-W03-PIT@LV-S,2023,3,PIT@LV,sides_model,spread,LV +1,1,1.0,-3.0,0.168,0.0,-3.47,PIT,LV,-5,41,0.0,4.0,-1.0
2023-W03-PIT@LV-TSML,2023,3,PIT@LV,tight_soft_ml_fade_home,spread,PIT -1,0,1.0,-3.0,6.8,,,PIT,LV,-5,41,1.0,-4.0,0.9090909090909091
2023-W03-PIT@LV-PTF,2023,3,PIT@LV,primetime_tight_favorite,spread,PIT -1,0,1.0,-3.0,1.0,,,PIT,LV,-5,41,1.0,-4.0,0.9090909090909091
2023-W03-PIT@LV-PTU,2023,3,PIT@LV,primetime_tight_under,total,UNDER 44,-2,44.0,43.5,44.0,,,PIT,LV,-5,41,1.0,0.5,0.9090909090909091
2023-W03-DEN@MIA-S,2023,3,DEN@MIA,sides_model,spread,MIA -6,1,-6.0,-6.0,0.211,1.0,5.13,DEN,MIA,50,90,1.0,0.0,0.9090909090909091
2023-W03-LAC@MIN-S,2023,3,LAC@MIN,sides_model,spread,LAC -2,0,2.0,0.0,-0.081,0.0,0.43,LAC,MIN,-4,52,1.0,-2.0,0.9090909090909091
2023-W03-NE@NYJ-S,2023,3,NE@NYJ,sides_model,spread,NE -1.75,0,1.75,2.5,-0.277,0.0,4.43,NE,NYJ,-5,25,1.0,0.75,0.9090909090909091
2023-W03-NE@NYJ-TSML,2023,3,NE@NYJ,tight_soft_ml_fade_home,spread,NE -1.75,0,1.75,2.5,5.5,,,NE,NYJ,-5,25,1.0,0.75,0.9090909090909091
2023-W03-NYG@SF-S,2023,3,NYG@SF,sides_model,spread,NYG +9.5,0,-9.5,-10.5,-0.136,0.0,6.2,NYG,SF,18,42,0.0,-1.0,-1.0
2023-W03-CAR@SEA-S,2023,3,CAR@SEA,sides_model,spread,CAR +4,0,-4.0,-4.5,-0.15,0.0,-0.22,CAR,SEA,10,64,0.0,-0.5,-1.0
2023-W03-PHI@TB-S,2023,3,PHI@TB,sides_model,spread,TB +6.5,1,6.5,3.0,0.194,1.0,5.93,PHI,TB,-14,36,0.0,3.5,-1.0
2023-W03-BUF@WAS-S,2023,3,BUF@WAS,sides_model,spread,BUF -6,0,6.0,5.5,-0.032,1.0,-2.48,BUF,WAS,-34,40,1.0,-0.5,0.9090909090909091
2023-W04-MIA@BUF-S,2023,4,MIA@BUF,sides_model,spread,MIA +3,0,-3.0,-2.5,-0.242,1.0,-5.33,MIA,BUF,28,68,0.0,0.5,-1.0
2023-W04-MIN@CAR-S,2023,4,MIN@CAR,sides_model,spread,CAR +3,1,3.0,4.5,0.248,1.0,6.45,MIN,CAR,-8,34,0.0,-1.5,-1.0
2023-W04-DEN@CHI-BBU,2023,4,DEN@CHI,bot_vs_bot_under,total,UNDER 44.5,-2,44.5,47.0,44.5,,,DEN,CHI,-3,59,0.0,-2.5,-1.0
2023-W04-BAL@CLE-S,2023,4,BAL@CLE,sides_model,spread,BAL -1.5,0,1.5,2.0,-0.232,0.0,3.59,BAL,CLE,-25,31,1.0,0.5,0.9090909090909091
2023-W04-NE@DAL-S,2023,4,NE@DAL,sides_model,spread,NE +7.5,0,-7.5,-6.0,-0.147,1.0,-2.89,NE,DAL,35,41,0.0,1.5,-1.0
2023-W04-DET@GB-PTU,2023,4,DET@GB,primetime_tight_under,total,UNDER 46,-2,46.0,45.0,46.0,,,DET,GB,-14,54,0.0,1.0,-1.0
2023-W04-PIT@HOU-S,2023,4,PIT@HOU,sides_model,spread,PIT -4,0,4.0,3.0,-0.058,1.0,-1.95,PIT,HOU,24,36,0.0,-1.0,-1.0
2023-W04-LAR@IND-S,2023,4,LAR@IND,sides_model,spread,LAR -1,0,1.0,1.0,-0.245,1.0,-2.46,LAR,IND,-6,52,1.0,0.0,0.9090909090909091
2023-W04-LAR@IND-TSML,2023,4,LAR@IND,tight_soft_ml_fade_home,spread,LAR -1,0,1.0,1.0,6.3,,,LAR,IND,-6,52,1.0,0.0,0.9090909090909091
2023-W04-ATL@JAX-S,2023,4,ATL@JAX,sides_model,spread,ATL +3,0,-3.0,-3.25,-0.255,1.0,-4.13,ATL,JAX,16,30,0.0,-0.25,-1.0
2023-W04-ATL@JAX-LLO,2023,4,ATL@JAX,total_low_line_over,total,OVER 45.5,-1,45.5,42.5,-9.25,,,ATL,JAX,16,30,0.0,-3.0,-1.0
2023-W04-LV@LAC-S,2023,4,LV@LAC,sides_model,spread,LV +4.5,0,-4.5,-6.5,-0.137,1.0,-1.61,LV,LAC,7,41,0.0,-2.0,-1.0
2023-W04-TB@NO-S,2023,4,TB@NO,sides_model,spread,NO -3.5,1,-3.5,-4.0,0.112,1.0,4.61,TB,NO,-17,35,0.0,0.5,-1.0
2023-W04-SEA@NYG-FPR,2023,4,SEA@NYG,fade_pr_in_tight_game,spread,NYG +1.5,1,1.5,2.5,4.9,,,SEA,NYG,-21,27,0.0,-1.0,-1.0
2023-W04-SEA@NYG-PTF,2023,4,SEA@NYG,primetime_tight_favorite,spread,SEA -1.5,0,1.5,2.5,1.5,,,SEA,NYG,-21,27,1.0,1.0,0.9090909090909091
2023-W04-SEA@NYG-PTU,2023,4,SEA@NYG,primetime_tight_under,total,UNDER 45,-2,45.0,46.0,45.0,,,SEA,NYG,-21,27,1.0,-1.0,0.9090909090909091
2023-W04-WAS@PHI-S,2023,4,WAS@PHI,sides_model,spread,PHI -7,1,-7.0,-9.0,0.088,1.0,6.39,WAS,PHI,3,65,0.0,2.0,-1.0
2023-W04-ARI@SF-S,2023,4,ARI@SF,sides_model,spread,SF -14.25,1,-14.25,-14.5,0.065,1.0,3.1,ARI,SF,19,51,1.0,0.25,0.9090909090909091
2023-W04-ARI@SF-HLU,2023,4,ARI@SF,total_high_line_under,total,UNDER 41,-2,41.0,44.0,12.83,,,ARI,SF,19,51,0.0,-3.0,-1.0
2023-W04-CIN@TEN-FPR,2023,4,CIN@TEN,fade_pr_in_tight_game,spread,TEN +1.5,1,1.5,2.5,5.3,,,CIN,TEN,24,30,1.0,-1.0,0.9090909090909091
2023-W05-CIN@ARI-S,2023,5,CIN@ARI,sides_model,spread,ARI +7,1,7.0,3.0,0.043,1.0,3.85,CIN,ARI,-14,54,0.0,4.0,-1.0
2023-W05-CIN@ARI-SDFA,2023,5,CIN@ARI,spread_dog_cover_fade_away,spread,CIN -7,0,7.0,3.0,19.88,,,CIN,ARI,-14,54,1.0,-4.0,0.9090909090909091
2023-W05-HOU@ATL-S,2023,5,HOU@ATL,sides_model,spread,HOU +3.5,0,-3.5,-2.5,-0.129,1.0,-5.13,HOU,ATL,2,40,1.0,1.0,0.9090909090909091
2023-W05-HOU@ATL-SDFH,2023,5,HOU@ATL,spread_dog_cover_fade_home,spread,ATL -3.5,1,-3.5,-2.5,12.88,,,HOU,ATL,2,40,0.0,-1.0,-1.0
2023-W05-JAX@BUF-S,2023,5,JAX@BUF,sides_model,spread,BUF -4.5,1,-4.5,-5.0,0.05,0.0,0.89,JAX,BUF,-5,45,0.0,0.5,-1.0
2023-W05-CAR@DET-S,2023,5,CAR@DET,sides_model,spread,CAR +7.5,0,-7.5,-9.5,-0.231,0.0,-1.26,CAR,DET,18,66,0.0,-2.0,-1.0
2023-W05-TEN@IND-S,2023,5,TEN@IND,sides_model,spread,TEN +1.5,0,-1.5,2.5,-0.076,1.0,-4.3,TEN,IND,7,39,0.0,4.0,-1.0
2023-W05-PHI@LAR-S,2023,5,PHI@LAR,sides_model,spread,LAR +6,1,6.0,3.5,0.031,1.0,6.42,PHI,LAR,-9,37,0.0,2.5,-1.0
2023-W05-GB@LV-TSML,2023,5,GB@LV,tight_soft_ml_fade_home,spread,GB -1,0,1.0,-1.25,6.4,,,GB,LV,4,30,0.0,-2.25,-1.0
2023-W05-GB@LV-PTF,2023,5,GB@LV,primetime_tight_favorite,spread,GB -1,0,1.0,-1.25,1.0,,,GB,LV,4,30,0.0,-2.25,-1.0
2023-W05-GB@LV-PTU,2023,5,GB@LV,primetime_tight_under,total,UNDER 43.5,-2,43.5,45.0,43.5,,,GB,LV,4,30,1.0,-1.5,0.9090909090909091
2023-W05-GB@LV-BBU,2023,5,GB@LV,bot_vs_bot_under,total,UNDER 43.5,-2,43.5,45.0,43.5,,,GB,LV,4,30,1.0,-1.5,0.9090909090909091
2023-W05-NYG@MIA-S,2023,5,NYG@MIA,sides_model,spread,NYG +9.5,0,-9.5,-12.5,-0.04,0.0,6.81,NYG,MIA,15,47,0.0,-3.0,-1.0
2023-W05-KC@MIN-S,2023,5,KC@MIN,sides_model,spread,KC -6,0,6.0,3.5,-0.135,0.0,2.48,KC,MIN,-7,47,1.0,-2.5,0.9090909090909091
2023-W05-NO@NE-S,2023,5,NO@NE,sides_model,spread,NO +2.5,0,-2.5,-2.0,-0.111,0.0,-1.48,NO,NE,-34,34,1.0,0.5,0.9090909090909091
2023-W05-NO@NE-TSML,2023,5,NO@NE,tight_soft_ml_fade_home,spread,NO +2.5,0,-2.5,-2.0,4.0,,,NO,NE,-34,34,1.0,0.5,0.9090909090909091
2023-W05-BAL@PIT-S,2023,5,BAL@PIT,sides_model,spread,PIT +2.5,1,2.5,4.5,0.221,0.0,-1.23,BAL,PIT,7,27,1.0,-2.0,0.9090909090909091
2023-W05-DAL@SF-S,2023,5,DAL@SF,sides_model,spread,DAL +3,0,-3.0,-3.5,-0.116,0.0,-0.94,DAL,SF,32,52,0.0,-0.5,-1.0
2023-W05-DAL@SF-PTF,2023,5,DAL@SF,primetime_tight_favorite,spread,SF -3,1,-3.0,-3.5,3.0,,,DAL,SF,32,52,1.0,0.5,0.9090909090909091
2023-W05-DAL@SF-PTU,2023,5,DAL@SF,primetime_tight_under,total,UNDER 45.5,-2,45.5,45.0,45.5,,,DAL,SF,32,52,0.0,0.5,-1.0
2023-W05-DAL@SF-TTH,2023,5,DAL@SF,top_vs_top_pt_home,spread,SF -3,1,-3.0,-3.5,0.0,,,DAL,SF,32,52,1.0,0.5,0.9090909090909091
2023-W05-CHI@WAS-S,2023,5,CHI@WAS,sides_model,spread,CHI +5,0,-5.0,-6.0,-0.244,1.0,-1.72,CHI,WAS,-20,60,1.0,-1.0,0.9090909090909091
2023-W06-WAS@ATL-FPR,2023,6,WAS@ATL,fade_pr_in_tight_game,spread,WAS +1.5,0,-1.5,-1.5,3.8,,,WAS,ATL,-8,40,1.0,0.0,0.9090909090909091
2023-W06-WAS@ATL-BBU,2023,6,WAS@ATL,bot_vs_bot_under,total,UNDER 42,-2,42.0,42.0,42.0,,,WAS,ATL,-8,40,1.0,0.0,0.9090909090909091
2023-W06-NYG@BUF-S,2023,6,NYG@BUF,sides_model,spread,NYG +13,0,-13.0,-15.5,-0.17,1.0,-3.38,NYG,BUF,5,23,1.0,-2.5,0.9090909090909091
2023-W06-SEA@CIN-S,2023,6,SEA@CIN,sides_model,spread,SEA +2.5,0,-2.5,-3.0,-0.058,1.0,-2.9,SEA,CIN,4,30,0.0,-0.5,-1.0
2023-W06-SEA@CIN-SDFH,2023,6,SEA@CIN,spread_dog_cover_fade_home,spread,CIN -2.5,1,-2.5,-3.0,12.38,,,SEA,CIN,4,30,1.0,0.5,0.9090909090909091
2023-W06-SF@CLE-S,2023,6,SF@CLE,sides_model,spread,CLE +3,1,3.0,9.5,0.216,0.0,-9.04,SF,CLE,2,36,1.0,-6.5,0.9090909090909091
2023-W06-SF@CLE-U,2023,6,SF@CLE,wind_under,total,UNDER 41.5,-2,41.5,36.0,18.3,,,SF,CLE,2,36,1.0,5.5,0.9090909090909091
2023-W06-NO@HOU-S,2023,6,NO@HOU,sides_model,spread,NO -1,0,1.0,2.5,-0.057,1.0,-3.92,NO,HOU,7,33,0.0,1.5,-1.0
2023-W06-NO@HOU-TSML,2023,6,NO@HOU,tight_soft_ml_fade_home,spread,NO -1,0,1.0,2.5,6.4,,,NO,HOU,7,33,0.0,1.5,-1.0
2023-W06-NO@HOU-HLU,2023,6,NO@HOU,total_high_line_under,total,UNDER 40.5,-2,40.5,42.0,8.83,,,NO,HOU,7,33,1.0,-1.5,0.9090909090909091
2023-W06-IND@JAX-S,2023,6,IND@JAX,sides_model,spread,IND +5,0,-5.0,-4.0,-0.083,0.0,-1.12,IND,JAX,17,57,0.0,1.0,-1.0
2023-W06-DEN@KC-S,2023,6,DEN@KC,sides_model,spread,DEN +10.5,0,-10.5,-10.5,-0.158,1.0,-1.51,DEN,KC,11,27,0.0,0.0,-1.0
2023-W06-DEN@KC-U,2023,6,DEN@KC,wind_under,total,UNDER 51,-2,51.0,47.5,19.7,,,DEN,KC,11,27,1.0,3.5,0.9090909090909091
2023-W06-DAL@LAC-S,2023,6,DAL@LAC,sides_model,spread,DAL -2.5,0,2.5,1.5,-0.242,1.0,-2.06,DAL,LAC,-3,37,1.0,-1.0,0.9090909090909091
2023-W06-DAL@LAC-PTF,2023,6,DAL@LAC,primetime_tight_favorite,spread,DAL -2.5,0,2.5,1.5,2.5,,,DAL,LAC,-3,37,1.0,-1.0,0.9090909090909091
2023-W06-DAL@LAC-PTU,2023,6,DAL@LAC,primetime_tight_under,total,UNDER 47.5,-2,47.5,50.0,47.5,,,DAL,LAC,-3,37,1.0,-2.5,0.9090909090909091
2023-W06-DAL@LAC-TTH,2023,6,DAL@LAC,top_vs_top_pt_home,spread,LAC +2.5,1,2.5,1.5,0.0,,,DAL,LAC,-3,37,0.0,1.0,-1.0
2023-W06-NE@LV-S,2023,6,NE@LV,sides_model,spread,NE +1.5,0,-1.5,-3.0,-0.126,1.0,-4.51,NE,LV,4,38,0.0,-1.5,-1.0
2023-W06-NE@LV-BBU,2023,6,NE@LV,bot_vs_bot_under,total,UNDER 42.5,-2,42.5,41.5,42.5,,,NE,LV,4,38,1.0,1.0,0.9090909090909091
2023-W06-CAR@MIA-S,2023,6,CAR@MIA,sides_model,spread,CAR +10.75,0,-10.75,-14.0,-0.179,0.0,4.57,CAR,MIA,21,63,0.0,-3.25,-1.0
2023-W06-PHI@NYJ-S,2023,6,PHI@NYJ,sides_model,spread,PHI -6.5,0,6.5,6.5,-0.076,0.0,-0.36,PHI,NYJ,6,34,0.0,0.0,-1.0
2023-W06-PHI@NYJ-U,2023,6,PHI@NYJ,wind_under,total,UNDER 42.5,-2,42.5,43.0,15.5,,,PHI,NYJ,6,34,1.0,-0.5,0.9090909090909091
2023-W06-DET@TB-S,2023,6,DET@TB,sides_model,spread,TB +3,1,3.0,3.0,0.136,1.0,1.66,DET,TB,-14,26,0.0,0.0,-1.0
2023-W06-DET@TB-U,2023,6,DET@TB,wind_under,total,UNDER 45.5,-2,45.5,43.5,15.5,,,DET,TB,-14,26,1.0,2.0,0.9090909090909091
2023-W06-BAL@TEN-S,2023,6,BAL@TEN,sides_model,spread,TEN +4.5,1,4.5,5.5,0.112,1.0,2.04,BAL,TEN,-8,40,0.0,-1.0,-1.0
2023-W07-DET@BAL-S,2023,7,DET@BAL,sides_model,spread,DET +2.5,0,-2.5,-3.0,-0.084,0.0,2.21,DET,BAL,32,44,0.0,-0.5,-1.0
2023-W07-DET@BAL-U,2023,7,DET@BAL,wind_under,total,UNDER 44.5,-2,44.5,43.5,15.8,,,DET,BAL,32,44,1.0,1.0,0.9090909090909091
2023-W07-LV@CHI-S,2023,7,LV@CHI,sides_model,spread,CHI +1,1,1.0,2.5,0.054,1.0,1.88,LV,CHI,18,42,1.0,-1.5,0.9090909090909091
2023-W07-LV@CHI-TSML,2023,7,LV@CHI,tight_soft_ml_fade_home,spread,LV -1,0,1.0,2.5,6.8,,,LV,CHI,18,42,0.0,1.5,-1.0
2023-W07-LV@CHI-BBU,2023,7,LV@CHI,bot_vs_bot_under,total,UNDER 46.5,-2,46.5,38.5,46.5,,,LV,CHI,18,42,1.0,8.0,0.9090909090909091
2023-W07-GB@DEN-S,2023,7,GB@DEN,sides_model,spread,GB -1.5,0,1.5,1.0,-0.113,0.0,0.3,GB,DEN,2,36,0.0,-0.5,-1.0
2023-W07-GB@DEN-FPR,2023,7,GB@DEN,fade_pr_in_tight_game,spread,DEN +1.5,1,1.5,1.0,4.2,,,GB,DEN,2,36,1.0,0.5,0.9090909090909091
2023-W07-GB@DEN-BBU,2023,7,GB@DEN,bot_vs_bot_under,total,UNDER 45.5,-2,45.5,44.0,45.5,,,GB,DEN,2,36,1.0,1.5,0.9090909090909091
2023-W07-LAC@KC-S,2023,7,LAC@KC,sides_model,spread,LAC +6,0,-6.0,-6.0,-0.038,0.0,0.14,LAC,KC,14,48,0.0,0.0,-1.0
2023-W07-PIT@LAR-S,2023,7,PIT@LAR,sides_model,spread,PIT +3,0,-3.0,-3.5,-0.231,1.0,-2.33,PIT,LAR,-7,41,1.0,-0.5,0.9090909090909091
2023-W07-BUF@NE-S,2023,7,BUF@NE,sides_model,spread,BUF -8.5,0,8.5,7.5,-0.093,1.0,-6.09,BUF,NE,4,54,0.0,-1.0,-1.0
2023-W07-JAX@NO-S,2023,7,JAX@NO,sides_model,spread,JAX -0.75,0,0.75,-2.5,-0.138,1.0,-2.69,JAX,NO,-7,55,1.0,-3.25,0.9090909090909091
2023-W07-JAX@NO-TSML,2023,7,JAX@NO,tight_soft_ml_fade_home,spread,JAX -0.75,0,0.75,-2.5,5.3,,,JAX,NO,-7,55,1.0,-3.25,0.9090909090909091
2023-W07-JAX@NO-PTF,2023,7,JAX@NO,primetime_tight_favorite,spread,JAX -0.75,0,0.75,-2.5,0.75,,,JAX,NO,-7,55,1.0,-3.25,0.9090909090909091
2023-W07-JAX@NO-PTU,2023,7,JAX@NO,primetime_tight_under,total,UNDER 42.5,-2,42.5,41.0,42.5,,,JAX,NO,-7,55,0.0,1.5,-1.0
2023-W07-WAS@NYG-S,2023,7,WAS@NYG,sides_model,spread,WAS -1.5,0,1.5,3.0,-0.209,0.0,-0.74,WAS,NYG,7,21,0.0,1.5,-1.0
2023-W07-WAS@NYG-U,2023,7,WAS@NYG,wind_under,total,UNDER 41.5,-2,41.5,37.0,20.6,,,WAS,NYG,7,21,1.0,4.5,0.9090909090909091
2023-W07-WAS@NYG-BBU,2023,7,WAS@NYG,bot_vs_bot_under,total,UNDER 41.5,-2,41.5,37.0,41.5,,,WAS,NYG,7,21,1.0,4.5,0.9090909090909091
2023-W07-MIA@PHI-DKJ,2023,7,MIA@PHI,dk_heavy_home_juice,spread,PHI -2.5,1,-2.5,-3.0,120.0,,,MIA,PHI,14,48,1.0,0.5,0.9090909090909091
2023-W07-MIA@PHI-PTF,2023,7,MIA@PHI,primetime_tight_favorite,spread,PHI -2.5,1,-2.5,-3.0,2.5,,,MIA,PHI,14,48,1.0,0.5,0.9090909090909091
2023-W07-MIA@PHI-PTU,2023,7,MIA@PHI,primetime_tight_under,total,UNDER 53.5,-2,53.5,52.0,53.5,,,MIA,PHI,14,48,1.0,1.5,0.9090909090909091
2023-W07-MIA@PHI-TTH,2023,7,MIA@PHI,top_vs_top_pt_home,spread,PHI -2.5,1,-2.5,-3.0,0.0,,,MIA,PHI,14,48,1.0,0.5,0.9090909090909091
2023-W07-ARI@SEA-S,2023,7,ARI@SEA,sides_model,spread,ARI +7,0,-7.0,-9.0,-0.071,0.0,2.65,ARI,SEA,10,30,0.0,-2.0,-1.0
2023-W07-ATL@TB-S,2023,7,ATL@TB,sides_model,spread,ATL +2.5,0,-2.5,-3.0,-0.178,0.0,3.33,ATL,TB,-3,29,1.0,-0.5,0.9090909090909091
2023-W07-ATL@TB-BBU,2023,7,ATL@TB,bot_vs_bot_under,total,UNDER 40.5,-2,40.5,37.5,40.5,,,ATL,TB,-3,29,1.0,3.0,0.9090909090909091
2023-W08-BAL@ARI-S,2023,8,BAL@ARI,sides_model,spread,BAL -7.5,0,7.5,9.5,-0.209,1.0,-9.05,BAL,ARI,-7,55,0.0,2.0,-1.0
2023-W08-TB@BUF-S,2023,8,TB@BUF,sides_model,spread,TB +8.5,0,-8.5,-10.0,-0.133,0.0,0.08,TB,BUF,6,42,1.0,-1.5,0.9090909090909091
2023-W08-HOU@CAR-S,2023,8,HOU@CAR,sides_model,spread,HOU -3,0,3.0,3.5,-0.171,1.0,-6.11,HOU,CAR,2,28,0.0,0.5,-1.0
2023-W08-LAR@DAL-S,2023,8,LAR@DAL,sides_model,spread,LAR +6,0,-6.0,-7.0,-0.049,0.0,-1.0,LAR,DAL,23,63,0.0,-1.0,-1.0
2023-W08-KC@DEN-S,2023,8,KC@DEN,sides_model,spread,DEN +8.5,1,8.5,7.0,0.085,0.0,-1.81,KC,DEN,15,33,1.0,1.5,0.9090909090909091
2023-W08-LV@DET-S,2023,8,LV@DET,sides_model,spread,LV +7.5,0,-7.5,-7.0,-0.11,1.0,-4.58,LV,DET,12,40,0.0,0.5,-1.0
2023-W08-MIN@GB-S,2023,8,MIN@GB,sides_model,spread,GB -1.5,1,-1.5,1.0,0.034,0.0,0.71,MIN,GB,-14,34,0.0,-2.5,-1.0
2023-W08-MIN@GB-FPR,2023,8,MIN@GB,fade_pr_in_tight_game,spread,GB -1.5,1,-1.5,1.0,3.6,,,MIN,GB,-14,34,0.0,-2.5,-1.0
2023-W08-NO@IND-S,2023,8,NO@IND,sides_model,spread,NO -1.5,0,1.5,2.0,-0.069,0.0,-1.39,NO,IND,-11,65,1.0,0.5,0.9090909090909091
2023-W08-NO@IND-HLU,2023,8,NO@IND,total_high_line_under,total,UNDER 40.5,-2,40.5,43.5,10.33,,,NO,IND,-11,65,0.0,-3.0,-1.0
2023-W08-CHI@LAC-S,2023,8,CHI@LAC,sides_model,spread,LAC -9.75,1,-9.75,-9.5,0.127,1.0,6.07,CHI,LAC,17,43,1.0,-0.25,0.9090909090909091
2023-W08-NE@MIA-S,2023,8,NE@MIA,sides_model,spread,NE +12.5,0,-12.5,-8.0,-0.101,1.0,-4.79,NE,MIA,14,48,0.0,4.5,-1.0
2023-W08-NE@MIA-U,2023,8,NE@MIA,wind_under,total,UNDER 46.75,-2,46.75,46.5,19.6,,,NE,MIA,14,48,0.0,0.25,-1.0
2023-W08-NYJ@NYG-S,2023,8,NYJ@NYG,sides_model,spread,NYG +3,1,3.0,3.0,0.196,0.0,1.08,NYJ,NYG,-3,23,,0.0,0.0
2023-W08-JAX@PIT-S,2023,8,JAX@PIT,sides_model,spread,JAX -1.5,0,1.5,2.5,-0.094,1.0,-7.93,JAX,PIT,-10,30,1.0,1.0,0.9090909090909091
2023-W08-JAX@PIT-FPR,2023,8,JAX@PIT,fade_pr_in_tight_game,spread,PIT +1.5,1,1.5,2.5,4.1,,,JAX,PIT,-10,30,0.0,-1.0,-1.0
2023-W08-CIN@SF-S,2023,8,CIN@SF,sides_model,spread,SF -6,1,-6.0,-4.0,0.031,0.0,0.68,CIN,SF,-14,48,0.0,-2.0,-1.0
2023-W08-CLE@SEA-S,2023,8,CLE@SEA,sides_model,spread,CLE +2,0,-2.0,-4.0,-0.2,1.0,-3.66,CLE,SEA,4,44,0.0,-2.0,-1.0
2023-W08-PHI@WAS-S,2023,8,PHI@WAS,sides_model,spread,PHI -6,0,6.0,7.0,-0.079,1.0,-6.72,PHI,WAS,-7,69,1.0,1.0,0.9090909090909091
2023-W08-PHI@WAS-LLO,2023,8,PHI@WAS,total_low_line_over,total,OVER 45.5,-1,45.5,42.5,-8.75,,,PHI,WAS,-7,69,1.0,-3.0,0.9090909090909091
2023-W09-MIN@ATL-S,2023,9,MIN@ATL,sides_model,spread,ATL -1,1,-1.0,-3.5,0.313,1.0,3.41,MIN,ATL,-3,59,0.0,2.5,-1.0
2023-W09-MIN@ATL-FPR,2023,9,MIN@ATL,fade_pr_in_tight_game,spread,ATL -1,1,-1.0,-3.5,5.4,,,MIN,ATL,-3,59,0.0,2.5,-1.0
2023-W09-SEA@BAL-S,2023,9,SEA@BAL,sides_model,spread,SEA +4.5,0,-4.5,-6.0,-0.052,0.0,3.07,SEA,BAL,34,40,0.0,-1.5,-1.0
2023-W09-IND@CAR-S,2023,9,IND@CAR,sides_model,spread,IND -2.5,0,2.5,1.5,-0.142,0.0,1.98,IND,CAR,-14,40,1.0,-1.0,0.9090909090909091
2023-W09-IND@CAR-BBU,2023,9,IND@CAR,bot_vs_bot_under,total,UNDER 43.5,-2,43.5,45.0,43.5,,,IND,CAR,-14,40,1.0,-1.5,0.9090909090909091
2023-W09-BUF@CIN-S,2023,9,BUF@CIN,sides_model,spread,BUF -1,0,1.0,-1.5,-0.123,0.0,1.7,BUF,CIN,6,42,0.0,-2.5,-1.0
2023-W09-BUF@CIN-FPR,2023,9,BUF@CIN,fade_pr_in_tight_game,spread,CIN +1,1,1.0,-1.5,5.7,,,BUF,CIN,6,42,1.0,2.5,0.9090909090909091
2023-W09-BUF@CIN-PTF,2023,9,BUF@CIN,primetime_tight_favorite,spread,BUF -1,0,1.0,-1.5,1.0,,,BUF,CIN,6,42,0.0,-2.5,-1.0
2023-W09-BUF@CIN-PTU,2023,9,BUF@CIN,primetime_tight_under,total,UNDER 46.5,-2,46.5,50.5,46.5,,,BUF,CIN,6,42,1.0,-4.0,0.9090909090909091
2023-W09-ARI@CLE-HLU,2023,9,ARI@CLE,total_high_line_under,total,UNDER 39.5,-2,39.5,38.0,4.33,,,ARI,CLE,27,27,1.0,1.5,0.9090909090909091
2023-W09-LAR@GB-TSML,2023,9,LAR@GB,tight_soft_ml_fade_home,spread,LAR -1,0,1.0,-3.5,6.4,,,LAR,GB,17,23,0.0,-4.5,-1.0
2023-W09-TB@HOU-S,2023,9,TB@HOU,sides_model,spread,TB +2.5,0,-2.5,-2.5,-0.179,0.0,-0.69,TB,HOU,2,76,1.0,0.0,0.9090909090909091
2023-W09-MIA@KC-S,2023,9,MIA@KC,sides_model,spread,KC -2.5,1,-2.5,-4.5,0.105,0.0,-1.07,MIA,KC,7,35,1.0,2.0,0.9090909090909091
2023-W09-NYG@LV-BBU,2023,9,NYG@LV,bot_vs_bot_under,total,UNDER 39.75,-2,39.75,38.5,39.8,,,NYG,LV,24,36,1.0,1.25,0.9090909090909091
2023-W09-WAS@NE-S,2023,9,WAS@NE,sides_model,spread,WAS +2,0,-2.0,-3.0,-0.049,0.0,-0.31,WAS,NE,-3,37,1.0,-1.0,0.9090909090909091
2023-W09-WAS@NE-BBU,2023,9,WAS@NE,bot_vs_bot_under,total,UNDER 39,-2,39.0,40.5,39.0,,,WAS,NE,-3,37,1.0,-1.5,0.9090909090909091
2023-W09-CHI@NO-S,2023,9,CHI@NO,sides_model,spread,CHI +5.5,0,-5.5,-9.0,-0.138,0.0,2.5,CHI,NO,7,41,0.0,-3.5,-1.0
2023-W09-LAC@NYJ-S,2023,9,LAC@NYJ,sides_model,spread,NYJ +1.5,1,1.5,3.0,0.148,0.0,0.53,LAC,NYJ,-21,33,0.0,-1.5,-1.0
2023-W09-LAC@NYJ-PTF,2023,9,LAC@NYJ,primetime_tight_favorite,spread,LAC -1.5,0,1.5,3.0,1.5,,,LAC,NYJ,-21,33,1.0,1.5,0.9090909090909091
2023-W09-LAC@NYJ-PTU,2023,9,LAC@NYJ,primetime_tight_under,total,UNDER 43,-2,43.0,41.0,43.0,,,LAC,NYJ,-21,33,1.0,2.0,0.9090909090909091
2023-W09-DAL@PHI-S,2023,9,DAL@PHI,sides_model,spread,DAL +3,0,-3.0,-3.0,-0.059,1.0,-8.65,DAL,PHI,5,51,0.0,0.0,-1.0
2023-W09-TEN@PIT-S,2023,9,TEN@PIT,sides_model,spread,TEN +3.5,0,-3.5,-3.0,-0.052,1.0,-5.67,TEN,PIT,4,36,0.0,0.5,-1.0
2023-W10-ATL@ARI-S,2023,10,ATL@ARI,sides_model,spread,ARI +2,1,2.0,2.0,0.276,1.0,3.22,ATL,ARI,2,48,1.0,0.0,0.9090909090909091
2023-W10-ATL@ARI-BBU,2023,10,ATL@ARI,bot_vs_bot_under,total,UNDER 41,-2,41.0,43.5,41.0,,,ATL,ARI,2,48,0.0,-2.5,-1.0
2023-W10-CLE@BAL-S,2023,10,CLE@BAL,sides_model,spread,CLE +5.5,0,-5.5,-6.0,-0.128,0.0,-0.94,CLE,BAL,-2,64,1.0,-0.5,0.9090909090909091
2023-W10-CLE@BAL-HLU,2023,10,CLE@BAL,total_high_line_under,total,UNDER 40.5,-2,40.5,38.0,17.17,,,CLE,BAL,-2,64,0.0,2.5,-1.0
2023-W10-DEN@BUF-S,2023,10,DEN@BUF,sides_model,spread,BUF -8.5,1,-8.5,-7.5,0.043,1.0,5.38,DEN,BUF,-2,46,0.0,-1.0,-1.0
2023-W10-CAR@CHI-S,2023,10,CAR@CHI,sides_model,spread,CHI -1.5,1,-1.5,-3.5,0.148,1.0,2.42,CAR,CHI,3,29,1.0,2.0,0.9090909090909091
2023-W10-CAR@CHI-O,2023,10,CAR@CHI,receiver_over,total,OVER 41,-1,41.0,38.0,36.8,,,CAR,CHI,3,29,0.0,-3.0,-1.0
2023-W10-CAR@CHI-PTF,2023,10,CAR@CHI,primetime_tight_favorite,spread,CHI -1.5,1,-1.5,-3.5,1.5,,,CAR,CHI,3,29,1.0,2.0,0.9090909090909091
2023-W10-CAR@CHI-PTU,2023,10,CAR@CHI,primetime_tight_under,total,UNDER 41,-2,41.0,38.0,41.0,,,CAR,CHI,3,29,1.0,3.0,0.9090909090909091
2023-W10-CAR@CHI-BBU,2023,10,CAR@CHI,bot_vs_bot_under,total,UNDER 41,-2,41.0,38.0,41.0,,,CAR,CHI,3,29,1.0,3.0,0.9090909090909091
2023-W10-HOU@CIN-S,2023,10,HOU@CIN,sides_model,spread,CIN -7.5,1,-7.5,-5.5,0.085,0.0,0.11,HOU,CIN,-3,57,0.0,-2.0,-1.0
2023-W10-HOU@CIN-O,2023,10,HOU@CIN,receiver_over_HC,total,OVER 44.5,-1,44.5,45.5,44.4,,,HOU,CIN,-3,57,1.0,1.0,0.9090909090909091
2023-W10-NYG@DAL-S,2023,10,NYG@DAL,sides_model,spread,DAL -10,1,-10.0,-17.5,0.034,1.0,3.27,NYG,DAL,32,66,1.0,7.5,0.9090909090909091
2023-W10-SF@JAX-S,2023,10,SF@JAX,sides_model,spread,SF -2.5,0,2.5,3.0,-0.22,1.0,-2.95,SF,JAX,-31,37,1.0,0.5,0.9090909090909091
2023-W10-DET@LAC-S,2023,10,DET@LAC,sides_model,spread,DET +1,0,-1.0,2.5,-0.21,1.0,-4.47,DET,LAC,-3,79,1.0,3.5,0.9090909090909091
2023-W10-NYJ@LV-S,2023,10,NYJ@LV,sides_model,spread,LV +2.5,1,2.5,1.0,0.111,1.0,6.42,NYJ,LV,4,28,1.0,1.5,0.9090909090909091
2023-W10-NYJ@LV-PTF,2023,10,NYJ@LV,primetime_tight_favorite,spread,NYJ -2.5,0,2.5,1.0,2.5,,,NYJ,LV,4,28,0.0,-1.5,-1.0
2023-W10-NYJ@LV-PTU,2023,10,NYJ@LV,primetime_tight_under,total,UNDER 36.5,-2,36.5,35.5,36.5,,,NYJ,LV,4,28,1.0,1.0,0.9090909090909091
2023-W10-NO@MIN-S,2023,10,NO@MIN,sides_model,spread,NO -2.5,0,2.5,3.0,-0.046,0.0,0.36,NO,MIN,8,46,0.0,0.5,-1.0
2023-W10-NO@MIN-HLU,2023,10,NO@MIN,total_high_line_under,total,UNDER 39,-2,39.0,40.5,11.83,,,NO,MIN,8,46,0.0,-1.5,-1.0
2023-W10-IND@NE-S,2023,10,IND@NE,sides_model,spread,NE -1,1,-1.0,2.0,0.27,1.0,1.56,IND,NE,-4,16,0.0,-3.0,-1.0
2023-W10-IND@NE-BBU,2023,10,IND@NE,bot_vs_bot_under,total,UNDER 44,-2,44.0,42.5,44.0,,,IND,NE,-4,16,1.0,1.5,0.9090909090909091
2023-W10-GB@PIT-S,2023,10,GB@PIT,sides_model,spread,GB +3,0,-3.0,-3.0,-0.25,1.0,-4.34,GB,PIT,4,42,0.0,0.0,-1.0
2023-W10-WAS@SEA-S,2023,10,WAS@SEA,sides_model,spread,WAS +6.5,0,-6.5,-6.0,-0.15,0.0,1.18,WAS,SEA,3,55,1.0,0.5,0.9090909090909091
2023-W10-TEN@TB-S,2023,10,TEN@TB,sides_model,spread,TB -1,1,-1.0,-2.5,0.036,0.0,-2.05,TEN,TB,14,26,1.0,1.5,0.9090909090909091
2023-W10-TEN@TB-HLU,2023,10,TEN@TB,total_high_line_under,total,UNDER 38.5,-2,38.5,39.0,7.0,,,TEN,TB,14,26,1.0,-0.5,0.9090909090909091
2023-W11-CIN@BAL-S,2023,11,CIN@BAL,sides_model,spread,CIN +3,0,-3.0,-4.0,-0.175,0.0,3.91,CIN,BAL,14,54,0.0,-1.0,-1.0
2023-W11-CIN@BAL-O,2023,11,CIN@BAL,receiver_over_HC,total,OVER 44,-1,44.0,46.5,44.4,,,CIN,BAL,14,54,1.0,2.5,0.9090909090909091
2023-W11-CIN@BAL-PTF,2023,11,CIN@BAL,primetime_tight_favorite,spread,BAL -3,1,-3.0,-4.0,3.0,,,CIN,BAL,14,54,1.0,1.0,0.9090909090909091
2023-W11-CIN@BAL-PTU,2023,11,CIN@BAL,primetime_tight_under,total,UNDER 44,-2,44.0,46.5,44.0,,,CIN,BAL,14,54,0.0,-2.5,-1.0
2023-W11-CIN@BAL-TTH,2023,11,CIN@BAL,top_vs_top_pt_home,spread,BAL -3,1,-3.0,-4.0,0.0,,,CIN,BAL,14,54,1.0,1.0,0.9090909090909091
2023-W11-NYJ@BUF-S,2023,11,NYJ@BUF,sides_model,spread,NYJ +6.5,0,-6.5,-8.5,-0.11,0.0,1.68,NYJ,BUF,26,38,0.0,-2.0,-1.0
2023-W11-DAL@CAR-S,2023,11,DAL@CAR,sides_model,spread,CAR +10.5,1,10.5,11.0,0.137,0.0,-1.04,DAL,CAR,-23,43,0.0,-0.5,-1.0
2023-W11-PIT@CLE-S,2023,11,PIT@CLE,sides_model,spread,PIT +4.5,0,-4.5,-2.0,-0.151,1.0,-2.12,PIT,CLE,3,23,1.0,2.5,0.9090909090909091
2023-W11-PIT@CLE-HLU,2023,11,PIT@CLE,total_high_line_under,total,UNDER 37.5,-2,37.5,34.0,4.42,,,PIT,CLE,3,23,1.0,3.5,0.9090909090909091
2023-W11-MIN@DEN-S,2023,11,MIN@DEN,sides_model,spread,DEN -2.5,1,-2.5,-2.5,0.11,0.0,-0.85,MIN,DEN,1,41,0.0,0.0,-1.0
2023-W11-MIN@DEN-PTF,2023,11,MIN@DEN,primetime_tight_favorite,spread,DEN -2.5,1,-2.5,-2.5,2.5,,,MIN,DEN,1,41,0.0,0.0,-1.0
2023-W11-MIN@DEN-PTU,2023,11,MIN@DEN,primetime_tight_under,total,UNDER 43,-2,43.0,43.0,43.0,,,MIN,DEN,1,41,1.0,0.0,0.9090909090909091
2023-W11-MIN@DEN-SDFH,2023,11,MIN@DEN,spread_dog_cover_fade_home,spread,DEN -2.5,1,-2.5,-2.5,7.18,,,MIN,DEN,1,41,0.0,0.0,-1.0
2023-W11-CHI@DET-S,2023,11,CHI@DET,sides_model,spread,CHI +8.75,0,-8.75,-8.0,-0.092,0.0,0.9,CHI,DET,5,57,1.0,0.75,0.9090909090909091
2023-W11-LAC@GB-S,2023,11,LAC@GB,sides_model,spread,GB +3,1,3.0,3.0,0.235,0.0,0.31,LAC,GB,3,43,1.0,0.0,0.9090909090909091
2023-W11-TEN@JAX-S,2023,11,TEN@JAX,sides_model,spread,TEN +6,0,-6.0,-6.5,-0.102,1.0,-3.01,TEN,JAX,20,48,0.0,-0.5,-1.0
2023-W11-PHI@KC-PTF,2023,11,PHI@KC,primetime_tight_favorite,spread,KC -2.5,1,-2.5,-2.5,2.5,,,PHI,KC,-4,38,0.0,0.0,-1.0
2023-W11-PHI@KC-PTU,2023,11,PHI@KC,primetime_tight_under,total,UNDER 48,-2,48.0,46.0,48.0,,,PHI,KC,-4,38,1.0,2.0,0.9090909090909091
2023-W11-PHI@KC-TTH,2023,11,PHI@KC,top_vs_top_pt_home,spread,KC -2.5,1,-2.5,-2.5,0.0,,,PHI,KC,-4,38,0.0,0.0,-1.0
2023-W11-SEA@LAR-S,2023,11,SEA@LAR,sides_model,spread,LAR +3,1,3.0,-2.0,0.066,1.0,4.92,SEA,LAR,1,33,1.0,5.0,0.9090909090909091
2023-W11-LV@MIA-S,2023,11,LV@MIA,sides_model,spread,LV +10,0,-10.0,-14.0,-0.166,0.0,6.76,LV,MIA,7,33,1.0,-4.0,0.9090909090909091
2023-W11-TB@SF-S,2023,11,TB@SF,sides_model,spread,TB +10.5,0,-10.5,-13.5,-0.066,0.0,1.96,TB,SF,13,41,0.0,-3.0,-1.0
2023-W11-TB@SF-DKO,2023,11,TB@SF,dk_giant_fav_over,total,OVER 42.5,-1,42.5,42.0,6.3,,,TB,SF,13,41,0.0,-0.5,-1.0
2023-W11-NYG@WAS-S,2023,11,NYG@WAS,sides_model,spread,WAS -8,1,-8.0,-8.5,0.047,0.0,-3.84,NYG,WAS,-12,50,0.0,0.5,-1.0
2023-W12-LAR@ARI-S,2023,12,LAR@ARI,sides_model,spread,LAR -2.5,0,2.5,3.0,-0.13,0.0,-1.0,LAR,ARI,-23,51,1.0,0.5,0.9090909090909091
2023-W12-LAR@ARI-BBU,2023,12,LAR@ARI,bot_vs_bot_under,total,UNDER 46,-2,46.0,45.0,46.0,,,LAR,ARI,-23,51,0.0,1.0,-1.0
2023-W12-LAR@ARI-LLO,2023,12,LAR@ARI,total_low_line_over,total,OVER 46,-1,46.0,45.0,-11.0,,,LAR,ARI,-23,51,1.0,-1.0,0.9090909090909091
2023-W12-NO@ATL-S,2023,12,NO@ATL,sides_model,spread,NO -0,0,0.0,2.0,-0.106,0.0,-0.36,NO,ATL,9,39,0.0,2.0,-1.0
2023-W12-NO@ATL-FPR,2023,12,NO@ATL,fade_pr_in_tight_game,spread,ATL +0,1,0.0,2.0,3.4,,,NO,ATL,9,39,1.0,-2.0,0.9090909090909091
2023-W12-NO@ATL-HLU,2023,12,NO@ATL,total_high_line_under,total,UNDER 41,-2,41.0,42.0,7.42,,,NO,ATL,9,39,1.0,-1.0,0.9090909090909091
2023-W12-PIT@CIN-O,2023,12,PIT@CIN,receiver_over_HC,total,OVER 41.5,-1,41.5,36.5,44.4,,,PIT,CIN,-6,26,0.0,-5.0,-1.0
2023-W12-WAS@DAL-S,2023,12,WAS@DAL,sides_model,spread,WAS +9.5,0,-9.5,-13.5,-0.102,0.0,4.31,WAS,DAL,35,55,0.0,-4.0,-1.0
2023-W12-WAS@DAL-DKO,2023,12,WAS@DAL,dk_giant_fav_over,total,OVER 45,-1,45.0,47.5,5.4,,,WAS,DAL,35,55,1.0,2.5,0.9090909090909091
2023-W12-CLE@DEN-S,2023,12,CLE@DEN,sides_model,spread,CLE +1.5,0,-1.5,-1.5,-0.125,1.0,-4.48,CLE,DEN,17,41,0.0,0.0,-1.0
2023-W12-CLE@DEN-FPR,2023,12,CLE@DEN,fade_pr_in_tight_game,spread,DEN -1.5,1,-1.5,-1.5,6.9,,,CLE,DEN,17,41,1.0,0.0,0.9090909090909091
2023-W12-CLE@DEN-HLU,2023,12,CLE@DEN,total_high_line_under,total,UNDER 36.5,-2,36.5,37.5,6.5,,,CLE,DEN,17,41,0.0,-1.0,-1.0
2023-W12-CLE@DEN-SDFH,2023,12,CLE@DEN,spread_dog_cover_fade_home,spread,DEN -1.5,1,-1.5,-1.5,8.15,,,CLE,DEN,17,41,1.0,0.0,0.9090909090909091
2023-W12-GB@DET-S,2023,12,GB@DET,sides_model,spread,GB +7.5,0,-7.5,-8.5,-0.036,0.0,-1.07,GB,DET,-7,51,1.0,-1.0,0.9090909090909091
2023-W12-JAX@HOU-TSML,2023,12,JAX@HOU,tight_soft_ml_fade_home,spread,JAX -1,0,1.0,1.5,7.5,,,JAX,HOU,-3,45,1.0,0.5,0.9090909090909091
2023-W12-TB@IND-S,2023,12,TB@IND,sides_model,spread,TB +1.5,0,-1.5,-2.5,-0.043,1.0,-2.45,TB,IND,7,47,0.0,-1.0,-1.0
2023-W12-BAL@LAC-S,2023,12,BAL@LAC,sides_model,spread,BAL -3.5,0,3.5,3.0,-0.142,1.0,-3.46,BAL,LAC,-10,30,1.0,-0.5,0.9090909090909091
2023-W12-KC@LV-S,2023,12,KC@LV,sides_model,spread,LV +9.5,1,9.5,9.0,0.113,1.0,2.87,KC,LV,-14,48,0.0,0.5,-1.0
2023-W12-KC@LV-DKO,2023,12,KC@LV,dk_giant_fav_over,total,OVER 45,-1,45.0,42.5,5.1,,,KC,LV,-14,48,1.0,-2.5,0.9090909090909091
2023-W12-CHI@MIN-S,2023,12,CHI@MIN,sides_model,spread,CHI +3.5,0,-3.5,-3.0,-0.053,1.0,-1.78,CHI,MIN,-2,22,1.0,0.5,0.9090909090909091
2023-W12-NE@NYG-S,2023,12,NE@NYG,sides_model,spread,NYG +5,1,5.0,4.5,0.046,1.0,2.33,NE,NYG,3,17,1.0,0.5,0.9090909090909091
2023-W12-NE@NYG-O,2023,12,NE@NYG,receiver_over,total,OVER 35,-1,35.0,36.0,35.3,,,NE,NYG,3,17,0.0,1.0,-1.0
2023-W12-MIA@NYJ-S,2023,12,MIA@NYJ,sides_model,spread,MIA -6.5,0,6.5,9.5,-0.108,1.0,-3.91,MIA,NYJ,-21,47,1.0,3.0,0.9090909090909091
2023-W12-BUF@PHI-S,2023,12,BUF@PHI,sides_model,spread,BUF +3.5,0,-3.5,-2.5,-0.27,1.0,-4.34,BUF,PHI,3,71,1.0,1.0,0.9090909090909091
2023-W12-CAR@TEN-S,2023,12,CAR@TEN,sides_model,spread,TEN -4,1,-4.0,-3.5,0.053,1.0,2.18,CAR,TEN,7,27,1.0,-0.5,0.9090909090909091
2023-W13-SEA@DAL-S,2023,13,SEA@DAL,sides_model,spread,SEA +7,0,-7.0,-9.5,-0.089,0.0,-1.18,SEA,DAL,6,76,1.0,-2.5,0.9090909090909091
2023-W13-KC@GB-S,2023,13,KC@GB,sides_model,spread,KC -7,0,7.0,5.5,-0.037,0.0,0.46,KC,GB,8,46,0.0,-1.5,-1.0
2023-W13-DEN@HOU-S,2023,13,DEN@HOU,sides_model,spread,HOU -3,1,-3.0,-3.0,0.05,0.0,0.21,DEN,HOU,5,39,1.0,0.0,0.9090909090909091
2023-W13-CIN@JAX-S,2023,13,CIN@JAX,sides_model,spread,CIN +7,0,-7.0,-10.0,-0.14,0.0,-0.13,CIN,JAX,-3,65,1.0,-3.0,0.9090909090909091
2023-W13-CLE@LAR-S,2023,13,CLE@LAR,sides_model,spread,CLE +1,0,-1.0,-3.5,-0.076,1.0,-3.9,CLE,LAR,17,55,0.0,-2.5,-1.0
2023-W13-CLE@LAR-FPR,2023,13,CLE@LAR,fade_pr_in_tight_game,spread,LAR -1,1,-1.0,-3.5,4.0,,,CLE,LAR,17,55,1.0,2.5,0.9090909090909091
2023-W13-LAC@NE-S,2023,13,LAC@NE,sides_model,spread,NE +4.5,1,4.5,4.5,0.219,1.0,5.38,LAC,NE,-6,6,0.0,0.0,-1.0
2023-W13-DET@NO-S,2023,13,DET@NO,sides_model,spread,NO +3,1,3.0,4.0,0.162,1.0,6.05,DET,NO,-5,61,0.0,-1.0,-1.0
2023-W13-ATL@NYJ-BBU,2023,13,ATL@NYJ,bot_vs_bot_under,total,UNDER 36.5,-2,36.5,33.0,36.5,,,ATL,NYJ,-5,21,1.0,3.5,0.9090909090909091
2023-W13-SF@PHI-TSML,2023,13,SF@PHI,tight_soft_ml_fade_home,spread,SF -1,0,1.0,3.0,11.2,,,SF,PHI,-23,61,1.0,2.0,0.9090909090909091
2023-W13-ARI@PIT-S,2023,13,ARI@PIT,sides_model,spread,ARI +3,0,-3.0,-6.0,-0.032,0.0,6.2,ARI,PIT,-14,34,1.0,-3.0,0.9090909090909091
2023-W13-CAR@TB-S,2023,13,CAR@TB,sides_model,spread,TB -5.5,1,-5.5,-3.5,0.134,0.0,0.3,CAR,TB,3,39,0.0,-2.0,-1.0
2023-W13-IND@TEN-S,2023,13,IND@TEN,sides_model,spread,IND -1,0,1.0,1.0,-0.071,0.0,1.81,IND,TEN,-3,59,1.0,0.0,0.9090909090909091
2023-W13-IND@TEN-TSML,2023,13,IND@TEN,tight_soft_ml_fade_home,spread,IND -1,0,1.0,1.0,6.3,,,IND,TEN,-3,59,1.0,0.0,0.9090909090909091
2023-W13-IND@TEN-BBU,2023,13,IND@TEN,bot_vs_bot_under,total,UNDER 41,-2,41.0,42.0,41.0,,,IND,TEN,-3,59,0.0,-1.0,-1.0
2023-W13-MIA@WAS-S,2023,13,MIA@WAS,sides_model,spread,WAS +7,1,7.0,9.0,0.187,0.0,-2.28,MIA,WAS,-30,60,0.0,-2.0,-1.0
2023-W14-TB@ATL-S,2023,14,TB@ATL,sides_model,spread,TB +2,0,-2.0,-1.5,-0.133,1.0,-3.49,TB,ATL,-4,54,1.0,0.5,0.9090909090909091
2023-W14-TB@ATL-BBU,2023,14,TB@ATL,bot_vs_bot_under,total,UNDER 40,-2,40.0,41.0,40.0,,,TB,ATL,-4,54,0.0,-1.0,-1.0
2023-W14-DET@CHI-S,2023,14,DET@CHI,sides_model,spread,DET -5,0,5.0,3.0,-0.05,0.0,4.37,DET,CHI,15,41,0.0,-2.0,-1.0
2023-W14-IND@CIN-S,2023,14,IND@CIN,sides_model,spread,IND -2,0,2.0,-3.0,-0.068,0.0,5.74,IND,CIN,20,48,0.0,-5.0,-1.0
2023-W14-IND@CIN-TSML,2023,14,IND@CIN,tight_soft_ml_fade_home,spread,IND -2,0,2.0,-3.0,5.6,,,IND,CIN,20,48,0.0,-5.0,-1.0
2023-W14-JAX@CLE-S,2023,14,JAX@CLE,sides_model,spread,JAX -3,0,3.0,-2.5,-0.242,0.0,-0.59,JAX,CLE,4,58,0.0,-5.5,-1.0
2023-W14-PHI@DAL-S,2023,14,PHI@DAL,sides_model,spread,PHI +2.75,0,-2.75,-3.5,-0.086,1.0,-2.46,PHI,DAL,20,46,0.0,-0.75,-1.0
2023-W14-PHI@DAL-PTF,2023,14,PHI@DAL,primetime_tight_favorite,spread,DAL -2.75,1,-2.75,-3.5,2.75,,,PHI,DAL,20,46,1.0,0.75,0.9090909090909091
2023-W14-PHI@DAL-PTU,2023,14,PHI@DAL,primetime_tight_under,total,UNDER 49,-2,49.0,52.5,49.0,,,PHI,DAL,20,46,1.0,-3.5,0.9090909090909091
2023-W14-PHI@DAL-TTH,2023,14,PHI@DAL,top_vs_top_pt_home,spread,DAL -2.75,1,-2.75,-3.5,0.0,,,PHI,DAL,20,46,1.0,0.75,0.9090909090909091
2023-W14-BUF@KC-S,2023,14,BUF@KC,sides_model,spread,BUF +3,0,-3.0,-1.75,-0.11,1.0,-2.98,BUF,KC,-3,37,1.0,1.25,0.9090909090909091
2023-W14-DEN@LAC-S,2023,14,DEN@LAC,sides_model,spread,DEN +3,0,-3.0,-3.0,-0.253,1.0,-5.22,DEN,LAC,-17,31,1.0,0.0,0.9090909090909091
2023-W14-MIN@LV-S,2023,14,MIN@LV,sides_model,spread,LV +1,1,1.0,3.0,0.237,1.0,4.83,MIN,LV,-3,3,0.0,-2.0,-1.0
2023-W14-MIN@LV-TSML,2023,14,MIN@LV,tight_soft_ml_fade_home,spread,MIN -1,0,1.0,3.0,6.6,,,MIN,LV,-3,3,1.0,2.0,0.9090909090909091
2023-W14-TEN@MIA-S,2023,14,TEN@MIA,sides_model,spread,MIA -12.5,1,-12.5,-13.5,0.09,0.0,-0.25,TEN,MIA,-1,55,0.0,1.0,-1.0
2023-W14-CAR@NO-S,2023,14,CAR@NO,sides_model,spread,CAR +6.5,0,-6.5,-5.5,-0.032,0.0,-0.71,CAR,NO,22,34,0.0,1.0,-1.0
2023-W14-GB@NYG-S,2023,14,GB@NYG,sides_model,spread,GB -4.5,0,4.5,5.5,-0.144,1.0,-4.71,GB,NYG,2,46,0.0,1.0,-1.0
2023-W14-GB@NYG-O,2023,14,GB@NYG,receiver_over,total,OVER 37,-1,37.0,37.0,39.4,,,GB,NYG,2,46,1.0,0.0,0.9090909090909091
2023-W14-GB@NYG-HLU,2023,14,GB@NYG,total_high_line_under,total,UNDER 37,-2,37.0,37.0,12.08,,,GB,NYG,2,46,0.0,0.0,-1.0
2023-W14-HOU@NYJ-S,2023,14,HOU@NYJ,sides_model,spread,HOU -4.5,0,4.5,3.0,-0.184,0.0,4.45,HOU,NYJ,24,36,0.0,-1.5,-1.0
2023-W14-NE@PIT-S,2023,14,NE@PIT,sides_model,spread,PIT -6.5,1,-6.5,-5.5,0.153,1.0,2.38,NE,PIT,-3,39,0.0,-1.0,-1.0
2023-W14-SEA@SF-S,2023,14,SEA@SF,sides_model,spread,SEA +10.5,0,-10.5,-14.5,-0.192,0.0,3.33,SEA,SF,12,44,0.0,-4.0,-1.0
2023-W15-DAL@BUF-FPR,2023,15,DAL@BUF,fade_pr_in_tight_game,spread,BUF -1.5,1,-1.5,-2.0,3.0,,,DAL,BUF,21,41,1.0,0.5,0.9090909090909091
2023-W15-ATL@CAR-S,2023,15,ATL@CAR,sides_model,spread,CAR +2.5,1,2.5,2.75,0.169,0.0,-1.09,ATL,CAR,2,16,1.0,-0.25,0.9090909090909091
2023-W15-ATL@CAR-BBU,2023,15,ATL@CAR,bot_vs_bot_under,total,UNDER 35,-2,35.0,32.0,35.0,,,ATL,CAR,2,16,1.0,3.0,0.9090909090909091
2023-W15-MIN@CIN-TSML,2023,15,MIN@CIN,tight_soft_ml_fade_home,spread,MIN -1,0,1.0,-3.0,6.3,,,MIN,CIN,3,51,0.0,-4.0,-1.0
2023-W15-CHI@CLE-S,2023,15,CHI@CLE,sides_model,spread,CHI +2.5,0,-2.5,-2.5,-0.056,0.0,2.23,CHI,CLE,3,37,0.0,0.0,-1.0
2023-W15-CHI@CLE-U,2023,15,CHI@CLE,wind_under,total,UNDER 37,-2,37.0,37.0,19.5,,,CHI,CLE,3,37,,0.0,0.0
2023-W15-CHI@CLE-DKJ,2023,15,CHI@CLE,dk_heavy_home_juice,spread,CLE -2.5,1,-2.5,-2.5,120.0,,,CHI,CLE,3,37,1.0,0.0,0.9090909090909091
2023-W15-TB@GB-S,2023,15,TB@GB,sides_model,spread,GB -3.5,1,-3.5,-3.5,0.074,0.0,0.49,TB,GB,-14,54,0.0,0.0,-1.0
2023-W15-TB@GB-O,2023,15,TB@GB,receiver_over,total,OVER 43,-1,43.0,41.5,39.4,,,TB,GB,-14,54,1.0,-1.5,0.9090909090909091
2023-W15-BAL@JAX-S,2023,15,BAL@JAX,sides_model,spread,JAX +6,1,6.0,4.0,0.137,1.0,9.77,BAL,JAX,-16,30,0.0,2.0,-1.0
2023-W15-BAL@JAX-U,2023,15,BAL@JAX,wind_under,total,UNDER 39.5,-2,39.5,42.5,16.1,,,BAL,JAX,-16,30,1.0,-3.0,0.9090909090909091
2023-W15-BAL@JAX-HLU,2023,15,BAL@JAX,total_high_line_under,total,UNDER 39.5,-2,39.5,42.5,9.83,,,BAL,JAX,-16,30,1.0,-3.0,0.9090909090909091
2023-W15-WAS@LAR-S,2023,15,WAS@LAR,sides_model,spread,WAS +6.5,0,-6.5,-6.5,-0.127,0.0,0.36,WAS,LAR,8,48,0.0,0.0,-1.0
2023-W15-LAC@LV-S,2023,15,LAC@LV,sides_model,spread,LV +3.5,1,3.5,-3.0,0.093,1.0,8.85,LAC,LV,42,84,1.0,6.5,0.9090909090909091
2023-W15-LAC@LV-O,2023,15,LAC@LV,receiver_over_HC,total,OVER 42.5,-1,42.5,36.0,39.5,,,LAC,LV,42,84,1.0,-6.5,0.9090909090909091
2023-W15-NYJ@MIA-U,2023,15,NYJ@MIA,wind_under,total,UNDER 40.5,-2,40.5,36.0,19.2,,,NYJ,MIA,30,30,1.0,4.5,0.9090909090909091
2023-W15-NYJ@MIA-HLU,2023,15,NYJ@MIA,total_high_line_under,total,UNDER 40.5,-2,40.5,36.0,9.25,,,NYJ,MIA,30,30,1.0,4.5,0.9090909090909091
2023-W15-KC@NE-S,2023,15,KC@NE,sides_model,spread,NE +10,1,10.0,9.5,0.137,1.0,3.26,KC,NE,-10,44,,0.5,0.0
2023-W15-NYG@NO-S,2023,15,NYG@NO,sides_model,spread,NYG +6,0,-6.0,-6.0,-0.068,0.0,1.45,NYG,NO,18,30,0.0,0.0,-1.0
2023-W15-NYG@NO-HLU,2023,15,NYG@NO,total_high_line_under,total,UNDER 36.5,-2,36.5,39.5,7.58,,,NYG,NO,18,30,1.0,-3.0,0.9090909090909091
2023-W15-HOU@TEN-S,2023,15,HOU@TEN,sides_model,spread,HOU -3.5,0,3.5,-3.0,-0.228,0.0,3.25,HOU,TEN,-3,35,0.0,-6.5,-1.0
2023-W16-GB@CAR-S,2023,16,GB@CAR,sides_model,spread,GB -5.5,0,5.5,3.5,-0.059,0.0,3.65,GB,CAR,-3,63,0.0,-2.0,-1.0
2023-W16-GB@CAR-O,2023,16,GB@CAR,receiver_over,total,OVER 36,-1,36.0,38.5,39.4,,,GB,CAR,-3,63,1.0,2.5,0.9090909090909091
2023-W16-ARI@CHI-S,2023,16,ARI@CHI,sides_model,spread,CHI -3,1,-3.0,-4.5,0.082,1.0,6.13,ARI,CHI,11,43,1.0,1.5,0.9090909090909091
2023-W16-ARI@CHI-O,2023,16,ARI@CHI,receiver_over_HC,total,OVER 43.5,-1,43.5,42.25,42.4,,,ARI,CHI,11,43,0.0,-1.25,-1.0
2023-W16-ARI@CHI-BBU,2023,16,ARI@CHI,bot_vs_bot_under,total,UNDER 43.5,-2,43.5,42.25,43.5,,,ARI,CHI,11,43,1.0,1.25,0.9090909090909091
2023-W16-NE@DEN-S,2023,16,NE@DEN,sides_model,spread,DEN -5.5,1,-5.5,-7.0,0.061,0.0,0.63,NE,DEN,-3,49,0.0,1.5,-1.0
2023-W16-CLE@HOU-S,2023,16,CLE@HOU,sides_model,spread,HOU -1.5,1,-1.5,2.25,0.112,0.0,-0.54,CLE,HOU,-14,58,0.0,-3.75,-1.0
2023-W16-CLE@HOU-FPR,2023,16,CLE@HOU,fade_pr_in_tight_game,spread,HOU -1.5,1,-1.5,2.25,3.8,,,CLE,HOU,-14,58,0.0,-3.75,-1.0
2023-W16-LV@KC-S,2023,16,LV@KC,sides_model,spread,LV +10.5,0,-10.5,-10.5,-0.17,1.0,-2.66,LV,KC,-6,34,1.0,0.0,0.9090909090909091
2023-W16-BUF@LAC-S,2023,16,BUF@LAC,sides_model,spread,BUF -10,0,10.0,12.75,-0.114,1.0,-5.29,BUF,LAC,-2,46,0.0,2.75,-1.0
2023-W16-BUF@LAC-O,2023,16,BUF@LAC,receiver_over_HC,total,OVER 40.5,-1,40.5,44.5,39.5,,,BUF,LAC,-2,46,1.0,4.0,0.9090909090909091
2023-W16-NO@LAR-S,2023,16,NO@LAR,sides_model,spread,NO +4,0,-4.0,-4.0,-0.135,0.0,2.49,NO,LAR,8,52,0.0,0.0,-1.0
2023-W16-DAL@MIA-S,2023,16,DAL@MIA,sides_model,spread,DAL -0,0,0.0,-1.5,-0.21,1.0,-3.9,DAL,MIA,2,42,0.0,-1.5,-1.0
2023-W16-WAS@NYJ-S,2023,16,WAS@NYJ,sides_model,spread,WAS +3,0,-3.0,-3.0,-0.116,0.0,0.14,WAS,NYJ,2,58,1.0,0.0,0.9090909090909091
2023-W16-WAS@NYJ-BBU,2023,16,WAS@NYJ,bot_vs_bot_under,total,UNDER 39,-2,39.0,37.0,39.0,,,WAS,NYJ,2,58,0.0,2.0,-1.0
2023-W16-NYG@PHI-S,2023,16,NYG@PHI,sides_model,spread,NYG +10.5,0,-10.5,-14.0,-0.101,0.0,6.34,NYG,PHI,8,58,1.0,-3.5,0.9090909090909091
2023-W16-CIN@PIT-S,2023,16,CIN@PIT,sides_model,spread,PIT +0,1,0.0,3.0,0.075,0.0,-2.78,CIN,PIT,23,45,1.0,-3.0,0.9090909090909091
2023-W16-CIN@PIT-O,2023,16,CIN@PIT,receiver_over_HC,total,OVER 39,-1,39.0,38.5,38.7,,,CIN,PIT,23,45,1.0,-0.5,0.9090909090909091
2023-W16-CIN@PIT-FPR,2023,16,CIN@PIT,fade_pr_in_tight_game,spread,PIT +0,1,0.0,3.0,5.1,,,CIN,PIT,23,45,1.0,-3.0,0.9090909090909091
2023-W16-CIN@PIT-HLU,2023,16,CIN@PIT,total_high_line_under,total,UNDER 39,-2,39.0,38.5,4.33,,,CIN,PIT,23,45,0.0,0.5,-1.0
2023-W16-BAL@SF-S,2023,16,BAL@SF,sides_model,spread,BAL +5.5,0,-5.5,-6.5,-0.081,0.0,-0.03,BAL,SF,-14,52,1.0,-1.0,0.9090909090909091
2023-W16-JAX@TB-S,2023,16,JAX@TB,sides_model,spread,JAX -2.5,0,2.5,2.0,-0.101,0.0,1.63,JAX,TB,18,42,0.0,-0.5,-1.0
2023-W16-SEA@TEN-S,2023,16,SEA@TEN,sides_model,spread,TEN +2,1,2.0,3.0,0.162,1.0,2.6,SEA,TEN,-3,37,0.0,-1.0,-1.0
2023-W16-SEA@TEN-TSML,2023,16,SEA@TEN,tight_soft_ml_fade_home,spread,SEA -2,0,2.0,3.0,5.3,,,SEA,TEN,-3,37,1.0,1.0,0.9090909090909091
2023-W17-MIA@BAL-S,2023,17,MIA@BAL,sides_model,spread,MIA +3,0,-3.0,-3.0,-0.038,1.0,-2.41,MIA,BAL,37,75,0.0,0.0,-1.0
2023-W17-NE@BUF-S,2023,17,NE@BUF,sides_model,spread,NE +13,0,-13.0,-14.5,-0.054,0.0,2.95,NE,BUF,6,48,1.0,-1.5,0.9090909090909091
2023-W17-NE@BUF-HLU,2023,17,NE@BUF,total_high_line_under,total,UNDER 40,-2,40.0,40.0,6.08,,,NE,BUF,6,48,0.0,0.0,-1.0
2023-W17-ATL@CHI-S,2023,17,ATL@CHI,sides_model,spread,ATL +3,0,-3.0,-2.5,-0.165,1.0,-4.04,ATL,CHI,20,54,0.0,0.5,-1.0
2023-W17-ATL@CHI-O,2023,17,ATL@CHI,receiver_over_HC,total,OVER 37.5,-1,37.5,39.0,37.4,,,ATL,CHI,20,54,1.0,1.5,0.9090909090909091
2023-W17-ATL@CHI-BBU,2023,17,ATL@CHI,bot_vs_bot_under,total,UNDER 37.5,-2,37.5,39.0,37.5,,,ATL,CHI,20,54,0.0,-1.5,-1.0
2023-W17-NYJ@CLE-S,2023,17,NYJ@CLE,sides_model,spread,NYJ +5.5,0,-5.5,-7.0,-0.12,0.0,-1.32,NYJ,CLE,17,57,0.0,-1.5,-1.0
2023-W17-NYJ@CLE-HLU,2023,17,NYJ@CLE,total_high_line_under,total,UNDER 35,-2,35.0,33.5,11.92,,,NYJ,CLE,17,57,0.0,1.5,-1.0
2023-W17-DET@DAL-S,2023,17,DET@DAL,sides_model,spread,DET +5.5,0,-5.5,-4.5,-0.243,1.0,-2.33,DET,DAL,1,39,1.0,1.0,0.9090909090909091
2023-W17-LAC@DEN-S,2023,17,LAC@DEN,sides_model,spread,LAC +6.5,0,-6.5,-3.5,-0.095,1.0,-8.84,LAC,DEN,7,25,0.0,3.0,-1.0
2023-W17-LAC@DEN-O,2023,17,LAC@DEN,receiver_over_HC,total,OVER 38,-1,38.0,38.5,46.1,,,LAC,DEN,7,25,0.0,0.5,-1.0
2023-W17-TEN@HOU-S,2023,17,TEN@HOU,sides_model,spread,TEN +4.5,0,-4.5,-5.5,-0.157,1.0,-2.56,TEN,HOU,23,29,0.0,-1.0,-1.0
2023-W17-LV@IND-S,2023,17,LV@IND,sides_model,spread,IND -3,1,-3.0,-3.5,0.045,0.0,-4.03,LV,IND,3,43,,0.5,0.0
2023-W17-CAR@JAX-S,2023,17,CAR@JAX,sides_model,spread,JAX -8,1,-8.0,-3.5,0.131,0.0,-0.21,CAR,JAX,26,26,1.0,-4.5,0.9090909090909091
2023-W17-CIN@KC-S,2023,17,CIN@KC,sides_model,spread,CIN +7.5,0,-7.5,-7.0,-0.097,1.0,-6.18,CIN,KC,8,42,0.0,0.5,-1.0
2023-W17-GB@MIN-S,2023,17,GB@MIN,sides_model,spread,GB +2,0,-2.0,0.0,-0.128,1.0,-1.85,GB,MIN,-23,43,1.0,2.0,0.9090909090909091
2023-W17-GB@MIN-O,2023,17,GB@MIN,receiver_over,total,OVER 43.5,-1,43.5,42.5,39.4,,,GB,MIN,-23,43,0.0,-1.0,-1.0
2023-W17-GB@MIN-PTF,2023,17,GB@MIN,primetime_tight_favorite,spread,MIN -2,1,-2.0,0.0,2.0,,,GB,MIN,-23,43,0.0,-2.0,-1.0
2023-W17-GB@MIN-PTU,2023,17,GB@MIN,primetime_tight_under,total,UNDER 43.5,-2,43.5,42.5,43.5,,,GB,MIN,-23,43,1.0,1.0,0.9090909090909091
2023-W17-LAR@NYG-S,2023,17,LAR@NYG,sides_model,spread,LAR -6,0,6.0,6.0,-0.087,0.0,0.49,LAR,NYG,-1,51,0.0,0.0,-1.0
2023-W17-ARI@PHI-S,2023,17,ARI@PHI,sides_model,spread,PHI -10,1,-10.0,-12.5,0.073,1.0,12.03,ARI,PHI,-4,66,0.0,2.5,-1.0
2023-W17-ARI@PHI-O,2023,17,ARI@PHI,receiver_over_HC,total,OVER 47.5,-1,47.5,48.0,42.4,,,ARI,PHI,-4,66,1.0,0.5,0.9090909090909091
2023-W17-PIT@SEA-S,2023,17,PIT@SEA,sides_model,spread,PIT +3.5,0,-3.5,-4.5,-0.164,0.0,-0.35,PIT,SEA,-7,53,1.0,-1.0,0.9090909090909091
2023-W17-NO@TB-S,2023,17,NO@TB,sides_model,spread,NO +2,0,-2.0,-2.5,-0.086,0.0,0.08,NO,TB,-10,36,1.0,-0.5,0.9090909090909091
2023-W17-NO@TB-HLU,2023,17,NO@TB,total_high_line_under,total,UNDER 41,-2,41.0,42.5,14.08,,,NO,TB,-10,36,1.0,-1.5,0.9090909090909091
2023-W17-SF@WAS-S,2023,17,SF@WAS,sides_model,spread,SF -13.5,0,13.5,14.0,-0.061,0.0,6.46,SF,WAS,-17,37,1.0,0.5,0.9090909090909091
2023-W18-SEA@ARI-S,2023,18,SEA@ARI,sides_model,spread,ARI +3.5,1,3.5,3.0,0.143,1.0,4.33,SEA,ARI,-1,41,1.0,0.5,0.9090909090909091
2023-W18-PIT@BAL-S,2023,18,PIT@BAL,sides_model,spread,PIT -3.5,0,3.5,3.0,-0.09,0.0,3.13,PIT,BAL,-7,27,1.0,-0.5,0.9090909090909091
2023-W18-PIT@BAL-O,2023,18,PIT@BAL,receiver_over_HC,total,OVER 38,-1,38.0,33.5,35.5,,,PIT,BAL,-7,27,0.0,-4.5,-1.0
2023-W18-PIT@BAL-U,2023,18,PIT@BAL,wind_under,total,UNDER 38,-2,38.0,33.5,15.5,,,PIT,BAL,-7,27,1.0,4.5,0.9090909090909091
2023-W18-PIT@BAL-HLU,2023,18,PIT@BAL,total_high_line_under,total,UNDER 38,-2,38.0,33.5,21.25,,,PIT,BAL,-7,27,1.0,4.5,0.9090909090909091
2023-W18-TB@CAR-S,2023,18,TB@CAR,sides_model,spread,TB -5.5,0,5.5,4.75,-0.069,0.0,-1.43,TB,CAR,-9,9,1.0,-0.75,0.9090909090909091
2023-W18-CLE@CIN-S,2023,18,CLE@CIN,sides_model,spread,CLE +4.5,0,-4.5,-7.25,-0.136,1.0,-1.5,CLE,CIN,17,45,0.0,-2.75,-1.0
2023-W18-CLE@CIN-O,2023,18,CLE@CIN,receiver_over_HC,total,OVER 40,-1,40.0,37.0,43.4,,,CLE,CIN,17,45,1.0,-3.0,0.9090909090909091
2023-W18-CLE@CIN-HLU,2023,18,CLE@CIN,total_high_line_under,total,UNDER 40,-2,40.0,37.0,7.67,,,CLE,CIN,17,45,0.0,3.0,-1.0
2023-W18-MIN@DET-S,2023,18,MIN@DET,sides_model,spread,MIN +4,0,-4.0,-4.0,-0.156,0.0,-0.34,MIN,DET,10,50,0.0,0.0,-1.0
2023-W18-MIN@DET-O,2023,18,MIN@DET,receiver_over,total,OVER 44.5,-1,44.5,47.5,38.0,,,MIN,DET,10,50,1.0,3.0,0.9090909090909091
2023-W18-CHI@GB-O,2023,18,CHI@GB,receiver_over_HC,total,OVER 44,-1,44.0,46.0,37.4,,,CHI,GB,8,26,0.0,2.0,-1.0
2023-W18-HOU@IND-S,2023,18,HOU@IND,sides_model,spread,HOU +1,0,-1.0,1.5,-0.043,0.0,0.75,HOU,IND,-4,42,1.0,2.5,0.9090909090909091
2023-W18-HOU@IND-PTF,2023,18,HOU@IND,primetime_tight_favorite,spread,IND -1,1,-1.0,1.5,1.0,,,HOU,IND,-4,42,0.0,-2.5,-1.0
2023-W18-HOU@IND-PTU,2023,18,HOU@IND,primetime_tight_under,total,UNDER 46,-2,46.0,47.5,46.0,,,HOU,IND,-4,42,1.0,-1.5,0.9090909090909091
2023-W18-KC@LAC-S,2023,18,KC@LAC,sides_model,spread,KC +1.5,0,-1.5,-3.5,-0.043,1.0,-7.28,KC,LAC,-1,25,1.0,-2.0,0.9090909090909091
2023-W18-KC@LAC-O,2023,18,KC@LAC,receiver_over_HC,total,OVER 35.5,-1,35.5,35.0,39.5,,,KC,LAC,-1,25,0.0,-0.5,-1.0
2023-W18-KC@LAC-FPR,2023,18,KC@LAC,fade_pr_in_tight_game,spread,LAC -1.5,1,-1.5,-3.5,6.2,,,KC,LAC,-1,25,0.0,2.0,-1.0
2023-W18-DEN@LV-S,2023,18,DEN@LV,sides_model,spread,DEN +2.5,0,-2.5,-3.0,-0.126,0.0,0.22,DEN,LV,13,41,0.0,-0.5,-1.0
2023-W18-DEN@LV-HLU,2023,18,DEN@LV,total_high_line_under,total,UNDER 38,-2,38.0,37.5,13.25,,,DEN,LV,13,41,0.0,0.5,-1.0
2023-W18-BUF@MIA-S,2023,18,BUF@MIA,sides_model,spread,BUF -2.25,0,2.25,2.5,-0.241,1.0,-4.04,BUF,MIA,-7,35,1.0,0.25,0.9090909090909091
2023-W18-BUF@MIA-TSML,2023,18,BUF@MIA,tight_soft_ml_fade_home,spread,BUF -2.25,0,2.25,2.5,26.7,,,BUF,MIA,-7,35,1.0,0.25,0.9090909090909091
2023-W18-BUF@MIA-PTF,2023,18,BUF@MIA,primetime_tight_favorite,spread,BUF -2.25,0,2.25,2.5,2.25,,,BUF,MIA,-7,35,1.0,0.25,0.9090909090909091
2023-W18-BUF@MIA-PTU,2023,18,BUF@MIA,primetime_tight_under,total,UNDER 49.5,-2,49.5,48.0,49.5,,,BUF,MIA,-7,35,1.0,1.5,0.9090909090909091
2023-W18-BUF@MIA-TTH,2023,18,BUF@MIA,top_vs_top_pt_home,spread,MIA +2.25,1,2.25,2.5,0.0,,,BUF,MIA,-7,35,0.0,-0.25,-1.0
2023-W18-NYJ@NE-S,2023,18,NYJ@NE,sides_model,spread,NYJ +1.75,0,-1.75,-2.0,-0.048,0.0,2.8,NYJ,NE,-14,20,1.0,-0.25,0.9090909090909091
2023-W18-NYJ@NE-BBU,2023,18,NYJ@NE,bot_vs_bot_under,total,UNDER 34,-2,34.0,28.5,34.0,,,NYJ,NE,-14,20,1.0,5.5,0.9090909090909091
2023-W18-NYJ@NE-HLU,2023,18,NYJ@NE,total_high_line_under,total,UNDER 34,-2,34.0,28.5,8.0,,,NYJ,NE,-14,20,1.0,5.5,0.9090909090909091
2023-W18-ATL@NO-S,2023,18,ATL@NO,sides_model,spread,ATL +3.5,0,-3.5,-3.0,-0.092,1.0,-3.62,ATL,NO,31,65,0.0,0.5,-1.0
2023-W18-PHI@NYG-S,2023,18,PHI@NYG,sides_model,spread,PHI -6.5,0,6.5,5.0,-0.133,1.0,-2.14,PHI,NYG,17,37,0.0,-1.5,-1.0
2023-W18-LAR@SF-S,2023,18,LAR@SF,sides_model,spread,SF -3,1,-3.0,-5.5,0.091,1.0,2.59,LAR,SF,-1,41,0.0,2.5,-1.0
2023-W18-JAX@TEN-S,2023,18,JAX@TEN,sides_model,spread,JAX -3.5,0,3.5,3.5,-0.107,0.0,3.83,JAX,TEN,8,48,0.0,0.0,-1.0
2023-W18-DAL@WAS-S,2023,18,DAL@WAS,sides_model,spread,DAL -13.5,0,13.5,13.0,-0.123,1.0,-2.27,DAL,WAS,-28,48,1.0,-0.5,0.9090909090909091
2023-W19-PIT@BUF-O,2023,19,PIT@BUF,receiver_over_HC,total,OVER 37.5,-1,37.5,38.5,36.4,,,PIT,BUF,14,48,1.0,1.0,0.9090909090909091
2023-W19-PIT@BUF-DKO,2023,19,PIT@BUF,dk_giant_fav_over,total,OVER 37.5,-1,37.5,38.5,7.9,,,PIT,BUF,14,48,1.0,1.0,0.9090909090909091
2023-W19-PIT@BUF-HLU,2023,19,PIT@BUF,total_high_line_under,total,UNDER 37.5,-2,37.5,38.5,5.75,,,PIT,BUF,14,48,0.0,-1.0,-1.0
2023-W19-GB@DAL-S,2023,19,GB@DAL,sides_model,spread,GB +7.5,0,-7.5,-7.0,-0.223,1.0,-4.01,GB,DAL,-16,80,1.0,0.5,0.9090909090909091
2023-W19-LAR@DET-S,2023,19,LAR@DET,sides_model,spread,LAR +3,0,-3.0,-3.0,-0.246,1.0,-5.22,LAR,DET,1,47,1.0,0.0,0.9090909090909091
2023-W19-LAR@DET-PTF,2023,19,LAR@DET,primetime_tight_favorite,spread,DET -3,1,-3.0,-3.0,3.0,,,LAR,DET,1,47,0.0,0.0,-1.0
2023-W19-LAR@DET-PTU,2023,19,LAR@DET,primetime_tight_under,total,UNDER 51.5,-2,51.5,53.0,51.5,,,LAR,DET,1,47,1.0,-1.5,0.9090909090909091
2023-W19-LAR@DET-TTH,2023,19,LAR@DET,top_vs_top_pt_home,spread,DET -3,1,-3.0,-3.0,0.0,,,LAR,DET,1,47,0.0,0.0,-1.0
2023-W19-CLE@HOU-S,2023,19,CLE@HOU,sides_model,spread,HOU -1.5,1,-1.5,2.25,0.151,0.0,-2.93,CLE,HOU,31,59,1.0,-3.75,0.9090909090909091
2023-W19-CLE@HOU-FPR,2023,19,CLE@HOU,fade_pr_in_tight_game,spread,HOU -1.5,1,-1.5,2.25,8.3,,,CLE,HOU,31,59,1.0,-3.75,0.9090909090909091
2023-W19-MIA@KC-S,2023,19,MIA@KC,sides_model,spread,KC -2.5,1,-2.5,-4.5,0.237,1.0,13.91,MIA,KC,19,33,1.0,2.0,0.9090909090909091
2023-W19-MIA@KC-PTF,2023,19,MIA@KC,primetime_tight_favorite,spread,KC -2.5,1,-2.5,-4.5,2.5,,,MIA,KC,19,33,1.0,2.0,0.9090909090909091
2023-W19-MIA@KC-PTU,2023,19,MIA@KC,primetime_tight_under,total,UNDER 51.5,-2,51.5,43.5,51.5,,,MIA,KC,19,33,1.0,8.0,0.9090909090909091
2023-W19-MIA@KC-LLO,2023,19,MIA@KC,total_low_line_over,total,OVER 51.5,-1,51.5,43.5,-10.17,,,MIA,KC,19,33,0.0,-8.0,-1.0
2023-W19-PHI@TB-S,2023,19,PHI@TB,sides_model,spread,TB +6.5,1,6.5,3.0,0.083,1.0,9.06,PHI,TB,23,41,1.0,3.5,0.9090909090909091
2023-W19-PHI@TB-O,2023,19,PHI@TB,receiver_over_HC,total,OVER 44.5,-1,44.5,43.0,46.8,,,PHI,TB,23,41,0.0,-1.5,-1.0
2023-W19-PHI@TB-SDFA,2023,19,PHI@TB,spread_dog_cover_fade_away,spread,PHI -6.5,0,6.5,3.0,7.56,,,PHI,TB,23,41,0.0,-3.5,-1.0
2023-W20-HOU@BAL-S,2023,20,HOU@BAL,sides_model,spread,BAL -10,1,-10.0,-10.0,0.038,0.0,-5.91,HOU,BAL,24,44,1.0,0.0,0.9090909090909091
2023-W20-HOU@BAL-U,2023,20,HOU@BAL,wind_under,total,UNDER 43.5,-2,43.5,44.0,20.9,,,HOU,BAL,24,44,0.0,-0.5,-1.0
2023-W20-TB@DET-S,2023,20,TB@DET,sides_model,spread,DET -6,1,-6.0,-6.0,0.061,0.0,1.49,TB,DET,8,54,1.0,0.0,0.9090909090909091
2023-W20-GB@SF-DKO,2023,20,GB@SF,dk_giant_fav_over,total,OVER 50,-1,50.0,50.5,9.2,,,GB,SF,3,45,0.0,0.5,-1.0
2023-W21-KC@BAL-S,2023,21,KC@BAL,sides_model,spread,BAL -3.5,1,-3.5,-4.5,0.072,0.0,1.03,KC,BAL,-7,27,0.0,1.0,-1.0
2023-W21-KC@BAL-DKJ,2023,21,KC@BAL,dk_heavy_home_juice,spread,BAL -3.5,1,-3.5,-4.5,120.0,,,KC,BAL,-7,27,0.0,1.0,-1.0
2023-W22-SF@KC-S,2023,22,SF@KC,sides_model,spread,SF -1,0,1.0,2.0,-0.106,0.0,7.05,SF,KC,3,47,0.0,1.0,-1.0
2023-W22-SF@KC-TSML,2023,22,SF@KC,tight_soft_ml_fade_home,spread,SF -1,0,1.0,2.0,6.7,,,SF,KC,3,47,0.0,1.0,-1.0
2023-W22-SF@KC-FPR,2023,22,SF@KC,fade_pr_in_tight_game,spread,SF -1,0,1.0,2.0,5.9,,,SF,KC,3,47,0.0,1.0,-1.0
